,num_list,iter,CNI,bps/Hz,bps,user,bps/man
0,"[[0, 5, 8, 11, 15, 18, 21, 23, 24, 26, 29, 32, 35, 39, 41, 44, 47, 50, 53, 54, 57, 60, 63, 66, 69, 72, 75, 78, 81, 85, 87, 90, 93, 96, 98, 101, 104, 108, 111, 114, 119, 123, 126, 129, 132, 135, 138, 139, 142, 145, 148, 151, 154, 156, 159, 162, 165, 169, 172, 175, 178, 179, 182, 185, 188, 191, 193, 198], [1, 2, 6, 7, 9, 13, 16, 19, 22, 27, 30, 33, 36, 38, 40, 42, 45, 48, 51, 55, 58, 61, 64, 67, 70, 73, 76, 79, 82, 88, 91, 94, 97, 99, 102, 105, 109, 112, 115, 117, 120, 124, 127, 130, 133, 136, 140, 143, 146, 149, 152, 155, 157, 160, 163, 166, 170, 173, 176, 180, 183, 186, 189, 194, 196], [3, 4, 10, 12, 14, 17, 20, 25, 28, 31, 34, 37, 43, 46, 49, 52, 56, 59, 62, 65, 68, 71, 74, 77, 80, 83, 84, 86, 89, 92, 95, 100, 103, 106, 107, 110, 113, 116, 118, 121, 122, 125, 128, 131, 134, 137, 141, 144, 147, 150, 153, 158, 161, 164, 167, 168, 171, 174, 177, 181, 184, 187, 190, 192, 195, 197]]",2,3.849248373,1.2,1319725406,2076196,635.6458666
1,"[[0, 5, 8, 11, 15, 18, 21, 23, 24, 26, 29, 32, 35, 39, 41, 44, 47, 50, 53, 54, 57, 60, 63, 66, 69, 72, 75, 78, 81, 85, 87, 90, 93, 96, 98, 101, 104, 108, 111, 114, 119, 123, 126, 129, 132, 135, 138, 139, 142, 145, 148, 151, 154, 156, 159, 162, 165, 169, 172, 175, 178, 179, 182, 185, 188, 191, 193, 198], [1, 2, 6, 7, 9, 13, 16, 19, 22, 27, 30, 33, 36, 38, 40, 42, 45, 48, 51, 55, 58, 61, 64, 67, 70, 73, 76, 79, 82, 88, 91, 94, 97, 99, 102, 105, 109, 112, 115, 117, 120, 124, 127, 130, 133, 136, 140, 143, 146, 149, 152, 155, 157, 160, 163, 166, 170, 173, 176, 180, 183, 186, 189, 194, 196], [3, 4, 10, 12, 14, 17, 20, 25, 28, 31, 34, 37, 43, 46, 49, 52, 56, 59, 62, 65, 68, 71, 74, 77, 80, 83, 84, 86, 89, 92, 95, 100, 103, 106, 107, 110, 113, 116, 118, 121, 122, 125, 128, 131, 134, 137, 141, 144, 147, 150, 153, 158, 161, 164, 167, 168, 171, 174, 177, 181, 184, 187, 190, 192, 195, 197]]",1,6.481895805,1.67,912590338.3,2076196,439.5492229
2,"[[0, 5, 8, 11, 15, 18, 21, 23, 24, 26, 29, 32, 35, 39, 41, 44, 47, 50, 53, 54, 57, 60, 63, 66, 69, 72, 75, 78, 81, 85, 87, 90, 93, 96, 98, 101, 104, 108, 111, 114, 119, 123, 126, 129, 132, 135, 138, 139, 142, 145, 148, 151, 154, 156, 159, 162, 165, 169, 172, 175, 178, 179, 182, 185, 188, 191, 193, 198], [1, 2, 6, 7, 9, 13, 16, 19, 22, 27, 30, 33, 36, 38, 40, 42, 45, 48, 51, 55, 58, 61, 64, 67, 70, 73, 76, 79, 82, 88, 91, 94, 97, 99, 102, 105, 109, 112, 115, 117, 120, 124, 127, 130, 133, 136, 140, 143, 146, 149, 152, 155, 157, 160, 163, 166, 170, 173, 176, 180, 183, 186, 189, 194, 196], [3, 4, 10, 12, 14, 17, 20, 25, 28, 31, 34, 37, 43, 46, 49, 52, 56, 59, 62, 65, 68, 71, 74, 77, 80, 83, 84, 86, 89, 92, 95, 100, 103, 106, 107, 110, 113, 116, 118, 121, 122, 125, 128, 131, 134, 137, 141, 144, 147, 150, 153, 158, 161, 164, 167, 168, 171, 174, 177, 181, 184, 187, 190, 192, 195, 197]]",0,2.584384328,1,1523873181,2076196,733.9736617
3,"[[0, 5, 8, 11, 15, 18, 21, 23, 24, 26, 29, 32, 35, 39, 41, 44, 47, 50, 53, 54, 57, 60, 63, 66, 69, 72, 75, 78, 81, 85, 87, 90, 93, 96, 98, 101, 104, 108, 111, 114, 119, 123, 126, 129, 132, 135, 138, 139, 142, 145, 148, 151, 154, 156, 159, 162, 165, 169, 172, 175, 178, 179, 182, 185, 188, 191, 193, 198], [1, 2, 6, 7, 9, 13, 16, 19, 22, 27, 30, 33, 36, 38, 40, 42, 45, 48, 51, 55, 58, 61, 64, 67, 70, 73, 76, 79, 82, 88, 91, 94, 97, 99, 102, 105, 109, 112, 115, 117, 120, 124, 127, 130, 133, 136, 140, 143, 146, 149, 152, 155, 157, 160, 163, 166, 170, 173, 176, 180, 183, 186, 189, 194, 196], [3, 4, 10, 12, 14, 17, 20, 25, 28, 31, 34, 37, 43, 46, 49, 52, 56, 59, 62, 65, 68, 71, 74, 77, 80, 83, 84, 86, 89, 92, 95, 100, 103, 106, 107, 110, 113, 116, 118, 121, 122, 125, 128, 131, 134, 137, 141, 144, 147, 150, 153, 158, 161, 164, 167, 168, 171, 174, 177, 181, 184, 187, 190, 192, 195, 197]]",2,2.153753616,1,1615673084,2076196,778.1890939
4,"[[0, 5, 8, 11, 15, 18, 21, 23, 24, 26, 29, 32, 35, 39, 41, 44, 47, 50, 53, 54, 57, 60, 63, 66, 69, 72, 75, 78, 81, 85, 87, 90, 93, 96, 98, 101, 104, 108, 111, 114, 119, 123, 126, 129, 132, 135, 138, 139, 142, 145, 148, 151, 154, 156, 159, 162, 165, 169, 172, 175, 178, 179, 182, 185, 188, 191, 193, 198], [1, 2, 6, 7, 9, 13, 16, 19, 22, 27, 30, 33, 36, 38, 40, 42, 45, 48, 51, 55, 58, 61, 64, 67, 70, 73, 76, 79, 82, 88, 91, 94, 97, 99, 102, 105, 109, 112, 115, 117, 120, 124, 127, 130, 133, 136, 140, 143, 146, 149, 152, 155, 157, 160, 163, 166, 170, 173, 176, 180, 183, 186, 189, 194, 196], [3, 4, 10, 12, 14, 17, 20, 25, 28, 31, 34, 37, 43, 46, 49, 52, 56, 59, 62, 65, 68, 71, 74, 77, 80, 83, 84, 86, 89, 92, 95, 100, 103, 106, 107, 110, 113, 116, 118, 121, 122, 125, 128, 131, 134, 137, 141, 144, 147, 150, 153, 158, 161, 164, 167, 168, 171, 174, 177, 181, 184, 187, 190, 192, 195, 197]]",6,2.394440523,1,1443151156,2076196,695.093891
5,"[[0, 5, 8, 11, 15, 18, 21, 23, 24, 26, 29, 32, 35, 39, 41, 44, 47, 50, 53, 54, 57, 60, 63, 66, 69, 72, 75, 78, 81, 85, 87, 90, 93, 96, 98, 101, 104, 108, 111, 114, 119, 123, 126, 129, 132, 135, 138, 139, 142, 145, 148, 151, 154, 156, 159, 162, 165, 169, 172, 175, 178, 179, 182, 185, 188, 191, 193, 198], [1, 2, 6, 7, 9, 13, 16, 19, 22, 27, 30, 33, 36, 38, 40, 42, 45, 48, 51, 55, 58, 61, 64, 67, 70, 73, 76, 79, 82, 88, 91, 94, 97, 99, 102, 105, 109, 112, 115, 117, 120, 124, 127, 130, 133, 136, 140, 143, 146, 149, 152, 155, 157, 160, 163, 166, 170, 173, 176, 180, 183, 186, 189, 194, 196], [3, 4, 10, 12, 14, 17, 20, 25, 28, 31, 34, 37, 43, 46, 49, 52, 56, 59, 62, 65, 68, 71, 74, 77, 80, 83, 84, 86, 89, 92, 95, 100, 103, 106, 107, 110, 113, 116, 118, 121, 122, 125, 128, 131, 134, 137, 141, 144, 147, 150, 153, 158, 161, 164, 167, 168, 171, 174, 177, 181, 184, 187, 190, 192, 195, 197]]",0,3.170999292,1.2,1202879204,2076196,579.3668825
6,"[[0, 5, 8, 11, 15, 18, 21, 23, 24, 26, 29, 32, 35, 39, 41, 44, 47, 50, 53, 54, 57, 60, 63, 66, 69, 72, 75, 78, 81, 85, 87, 90, 93, 96, 98, 101, 104, 108, 111, 114, 119, 123, 126, 129, 132, 135, 138, 139, 142, 145, 148, 151, 154, 156, 159, 162, 165, 169, 172, 175, 178, 179, 182, 185, 188, 191, 193, 198], [1, 2, 6, 7, 9, 13, 16, 19, 22, 27, 30, 33, 36, 38, 40, 42, 45, 48, 51, 55, 58, 61, 64, 67, 70, 73, 76, 79, 82, 88, 91, 94, 97, 99, 102, 105, 109, 112, 115, 117, 120, 124, 127, 130, 133, 136, 140, 143, 146, 149, 152, 155, 157, 160, 163, 166, 170, 173, 176, 180, 183, 186, 189, 194, 196], [3, 4, 10, 12, 14, 17, 20, 25, 28, 31, 34, 37, 43, 46, 49, 52, 56, 59, 62, 65, 68, 71, 74, 77, 80, 83, 84, 86, 89, 92, 95, 100, 103, 106, 107, 110, 113, 116, 118, 121, 122, 125, 128, 131, 134, 137, 141, 144, 147, 150, 153, 158, 161, 164, 167, 168, 171, 174, 177, 181, 184, 187, 190, 192, 195, 197]]",0,3.75172442,1.2,1313470466,2076196,632.6331741
7,"[[0, 5, 8, 11, 15, 18, 21, 23, 24, 26, 29, 32, 35, 39, 41, 44, 47, 50, 53, 54, 57, 60, 63, 66, 69, 72, 75, 78, 81, 85, 87, 90, 93, 96, 98, 101, 104, 108, 111, 114, 119, 123, 126, 129, 132, 135, 138, 139, 142, 145, 148, 151, 154, 156, 159, 162, 165, 169, 172, 175, 178, 179, 182, 185, 188, 191, 193, 198], [1, 2, 6, 7, 9, 13, 16, 19, 22, 27, 30, 33, 36, 38, 40, 42, 45, 48, 51, 55, 58, 61, 64, 67, 70, 73, 76, 79, 82, 88, 91, 94, 97, 99, 102, 105, 109, 112, 115, 117, 120, 124, 127, 130, 133, 136, 140, 143, 146, 149, 152, 155, 157, 160, 163, 166, 170, 173, 176, 180, 183, 186, 189, 194, 196], [3, 4, 10, 12, 14, 17, 20, 25, 28, 31, 34, 37, 43, 46, 49, 52, 56, 59, 62, 65, 68, 71, 74, 77, 80, 83, 84, 86, 89, 92, 95, 100, 103, 106, 107, 110, 113, 116, 118, 121, 122, 125, 128, 131, 134, 137, 141, 144, 147, 150, 153, 158, 161, 164, 167, 168, 171, 174, 177, 181, 184, 187, 190, 192, 195, 197]]",0,4.479232307,1.2,1048670298,2076196,505.0921483
8,"[[0, 5, 8, 11, 15, 18, 21, 23, 24, 26, 29, 32, 35, 39, 41, 44, 47, 50, 53, 54, 57, 60, 63, 66, 69, 72, 75, 78, 81, 85, 87, 90, 93, 96, 98, 101, 104, 108, 111, 114, 119, 123, 126, 129, 132, 135, 138, 139, 142, 145, 148, 151, 154, 156, 159, 162, 165, 169, 172, 175, 178, 179, 182, 185, 188, 191, 193, 198], [1, 2, 6, 7, 9, 13, 16, 19, 22, 27, 30, 33, 36, 38, 40, 42, 45, 48, 51, 55, 58, 61, 64, 67, 70, 73, 76, 79, 82, 88, 91, 94, 97, 99, 102, 105, 109, 112, 115, 117, 120, 124, 127, 130, 133, 136, 140, 143, 146, 149, 152, 155, 157, 160, 163, 166, 170, 173, 176, 180, 183, 186, 189, 194, 196], [3, 4, 10, 12, 14, 17, 20, 25, 28, 31, 34, 37, 43, 46, 49, 52, 56, 59, 62, 65, 68, 71, 74, 77, 80, 83, 84, 86, 89, 92, 95, 100, 103, 106, 107, 110, 113, 116, 118, 121, 122, 125, 128, 131, 134, 137, 141, 144, 147, 150, 153, 158, 161, 164, 167, 168, 171, 174, 177, 181, 184, 187, 190, 192, 195, 197]]",2,4.76164098,1.5,985704800.8,2076196,474.7648106
9,"[[0, 5, 8, 11, 15, 18, 21, 23, 24, 26, 29, 32, 35, 39, 41, 44, 47, 50, 53, 54, 57, 60, 63, 66, 69, 72, 75, 78, 81, 85, 87, 90, 93, 96, 98, 101, 104, 108, 111, 114, 119, 123, 126, 129, 132, 135, 138, 139, 142, 145, 148, 151, 154, 156, 159, 162, 165, 169, 172, 175, 178, 179, 182, 185, 188, 191, 193, 198], [1, 2, 6, 7, 9, 13, 16, 19, 22, 27, 30, 33, 36, 38, 40, 42, 45, 48, 51, 55, 58, 61, 64, 67, 70, 73, 76, 79, 82, 88, 91, 94, 97, 99, 102, 105, 109, 112, 115, 117, 120, 124, 127, 130, 133, 136, 140, 143, 146, 149, 152, 155, 157, 160, 163, 166, 170, 173, 176, 180, 183, 186, 189, 194, 196], [3, 4, 10, 12, 14, 17, 20, 25, 28, 31, 34, 37, 43, 46, 49, 52, 56, 59, 62, 65, 68, 71, 74, 77, 80, 83, 84, 86, 89, 92, 95, 100, 103, 106, 107, 110, 113, 116, 118, 121, 122, 125, 128, 131, 134, 137, 141, 144, 147, 150, 153, 158, 161, 164, 167, 168, 171, 174, 177, 181, 184, 187, 190, 192, 195, 197]]",0,2.1199577,1,1564895963,2076196,753.7322887
10,"[[0, 5, 8, 11, 15, 18, 21, 23, 24, 26, 29, 32, 35, 39, 41, 44, 47, 50, 53, 54, 57, 60, 63, 66, 69, 72, 75, 78, 81, 85, 87, 90, 93, 96, 98, 101, 104, 108, 111, 114, 119, 123, 126, 129, 132, 135, 138, 139, 142, 145, 148, 151, 154, 156, 159, 162, 165, 169, 172, 175, 178, 179, 182, 185, 188, 191, 193, 198], [1, 2, 6, 7, 9, 13, 16, 19, 22, 27, 30, 33, 36, 38, 40, 42, 45, 48, 51, 55, 58, 61, 64, 67, 70, 73, 76, 79, 82, 88, 91, 94, 97, 99, 102, 105, 109, 112, 115, 117, 120, 124, 127, 130, 133, 136, 140, 143, 146, 149, 152, 155, 157, 160, 163, 166, 170, 173, 176, 180, 183, 186, 189, 194, 196], [3, 4, 10, 12, 14, 17, 20, 25, 28, 31, 34, 37, 43, 46, 49, 52, 56, 59, 62, 65, 68, 71, 74, 77, 80, 83, 84, 86, 89, 92, 95, 100, 103, 106, 107, 110, 113, 116, 118, 121, 122, 125, 128, 131, 134, 137, 141, 144, 147, 150, 153, 158, 161, 164, 167, 168, 171, 174, 177, 181, 184, 187, 190, 192, 195, 197]]",0,4.45269861,1.2,1006175386,2076196,484.6244701
11,"[[0, 5, 8, 11, 15, 18, 21, 23, 24, 26, 29, 32, 35, 39, 41, 44, 47, 50, 53, 54, 57, 60, 63, 66, 69, 72, 75, 78, 81, 85, 87, 90, 93, 96, 98, 101, 104, 108, 111, 114, 119, 123, 126, 129, 132, 135, 138, 139, 142, 145, 148, 151, 154, 156, 159, 162, 165, 169, 172, 175, 178, 179, 182, 185, 188, 191, 193, 198], [1, 2, 6, 7, 9, 13, 16, 19, 22, 27, 30, 33, 36, 38, 40, 42, 45, 48, 51, 55, 58, 61, 64, 67, 70, 73, 76, 79, 82, 88, 91, 94, 97, 99, 102, 105, 109, 112, 115, 117, 120, 124, 127, 130, 133, 136, 140, 143, 146, 149, 152, 155, 157, 160, 163, 166, 170, 173, 176, 180, 183, 186, 189, 194, 196], [3, 4, 10, 12, 14, 17, 20, 25, 28, 31, 34, 37, 43, 46, 49, 52, 56, 59, 62, 65, 68, 71, 74, 77, 80, 83, 84, 86, 89, 92, 95, 100, 103, 106, 107, 110, 113, 116, 118, 121, 122, 125, 128, 131, 134, 137, 141, 144, 147, 150, 153, 158, 161, 164, 167, 168, 171, 174, 177, 181, 184, 187, 190, 192, 195, 197]]",1,4.770042681,1.5,974486624.4,2076196,469.3615749
12,"[[0, 5, 8, 11, 15, 18, 21, 23, 24, 26, 29, 32, 35, 39, 41, 44, 47, 50, 53, 54, 57, 60, 63, 66, 69, 72, 75, 78, 81, 85, 87, 90, 93, 96, 98, 101, 104, 108, 111, 114, 119, 123, 126, 129, 132, 135, 138, 139, 142, 145, 148, 151, 154, 156, 159, 162, 165, 169, 172, 175, 178, 179, 182, 185, 188, 191, 193, 198], [1, 2, 6, 7, 9, 13, 16, 19, 22, 27, 30, 33, 36, 38, 40, 42, 45, 48, 51, 55, 58, 61, 64, 67, 70, 73, 76, 79, 82, 88, 91, 94, 97, 99, 102, 105, 109, 112, 115, 117, 120, 124, 127, 130, 133, 136, 140, 143, 146, 149, 152, 155, 157, 160, 163, 166, 170, 173, 176, 180, 183, 186, 189, 194, 196], [3, 4, 10, 12, 14, 17, 20, 25, 28, 31, 34, 37, 43, 46, 49, 52, 56, 59, 62, 65, 68, 71, 74, 77, 80, 83, 84, 86, 89, 92, 95, 100, 103, 106, 107, 110, 113, 116, 118, 121, 122, 125, 128, 131, 134, 137, 141, 144, 147, 150, 153, 158, 161, 164, 167, 168, 171, 174, 177, 181, 184, 187, 190, 192, 195, 197]]",1,2.64473036,1,1505199858,2076196,724.9796543
13,"[[0, 5, 8, 11, 15, 18, 21, 23, 24, 26, 29, 32, 35, 39, 41, 44, 47, 50, 53, 54, 57, 60, 63, 66, 69, 72, 75, 78, 81, 85, 87, 90, 93, 96, 98, 101, 104, 108, 111, 114, 119, 123, 126, 129, 132, 135, 138, 139, 142, 145, 148, 151, 154, 156, 159, 162, 165, 169, 172, 175, 178, 179, 182, 185, 188, 191, 193, 198], [1, 2, 6, 7, 9, 13, 16, 19, 22, 27, 30, 33, 36, 38, 40, 42, 45, 48, 51, 55, 58, 61, 64, 67, 70, 73, 76, 79, 82, 88, 91, 94, 97, 99, 102, 105, 109, 112, 115, 117, 120, 124, 127, 130, 133, 136, 140, 143, 146, 149, 152, 155, 157, 160, 163, 166, 170, 173, 176, 180, 183, 186, 189, 194, 196], [3, 4, 10, 12, 14, 17, 20, 25, 28, 31, 34, 37, 43, 46, 49, 52, 56, 59, 62, 65, 68, 71, 74, 77, 80, 83, 84, 86, 89, 92, 95, 100, 103, 106, 107, 110, 113, 116, 118, 121, 122, 125, 128, 131, 134, 137, 141, 144, 147, 150, 153, 158, 161, 164, 167, 168, 171, 174, 177, 181, 184, 187, 190, 192, 195, 197]]",3,2.961798473,1.2,1419636708,2076196,683.7681548
14,"[[0, 5, 8, 11, 15, 18, 21, 23, 24, 26, 29, 32, 35, 39, 41, 44, 47, 50, 53, 54, 57, 60, 63, 66, 69, 72, 75, 78, 81, 85, 87, 90, 93, 96, 98, 101, 104, 108, 111, 114, 119, 123, 126, 129, 132, 135, 138, 139, 142, 145, 148, 151, 154, 156, 159, 162, 165, 169, 172, 175, 178, 179, 182, 185, 188, 191, 193, 198], [1, 2, 6, 7, 9, 13, 16, 19, 22, 27, 30, 33, 36, 38, 40, 42, 45, 48, 51, 55, 58, 61, 64, 67, 70, 73, 76, 79, 82, 88, 91, 94, 97, 99, 102, 105, 109, 112, 115, 117, 120, 124, 127, 130, 133, 136, 140, 143, 146, 149, 152, 155, 157, 160, 163, 166, 170, 173, 176, 180, 183, 186, 189, 194, 196], [3, 4, 10, 12, 14, 17, 20, 25, 28, 31, 34, 37, 43, 46, 49, 52, 56, 59, 62, 65, 68, 71, 74, 77, 80, 83, 84, 86, 89, 92, 95, 100, 103, 106, 107, 110, 113, 116, 118, 121, 122, 125, 128, 131, 134, 137, 141, 144, 147, 150, 153, 158, 161, 164, 167, 168, 171, 174, 177, 181, 184, 187, 190, 192, 195, 197]]",0,2.122175173,1,1548085447,2076196,745.6355023
15,"[[0, 5, 8, 11, 15, 18, 21, 23, 24, 26, 29, 32, 35, 39, 41, 44, 47, 50, 53, 54, 57, 60, 63, 66, 69, 72, 75, 78, 81, 85, 87, 90, 93, 96, 98, 101, 104, 108, 111, 114, 119, 123, 126, 129, 132, 135, 138, 139, 142, 145, 148, 151, 154, 156, 159, 162, 165, 169, 172, 175, 178, 179, 182, 185, 188, 191, 193, 198], [1, 2, 6, 7, 9, 13, 16, 19, 22, 27, 30, 33, 36, 38, 40, 42, 45, 48, 51, 55, 58, 61, 64, 67, 70, 73, 76, 79, 82, 88, 91, 94, 97, 99, 102, 105, 109, 112, 115, 117, 120, 124, 127, 130, 133, 136, 140, 143, 146, 149, 152, 155, 157, 160, 163, 166, 170, 173, 176, 180, 183, 186, 189, 194, 196], [3, 4, 10, 12, 14, 17, 20, 25, 28, 31, 34, 37, 43, 46, 49, 52, 56, 59, 62, 65, 68, 71, 74, 77, 80, 83, 84, 86, 89, 92, 95, 100, 103, 106, 107, 110, 113, 116, 118, 121, 122, 125, 128, 131, 134, 137, 141, 144, 147, 150, 153, 158, 161, 164, 167, 168, 171, 174, 177, 181, 184, 187, 190, 192, 195, 197]]",4,2.316529402,1,1478182851,2076196,711.9669103
16,"[[0, 5, 8, 11, 15, 18, 21, 23, 24, 26, 29, 32, 35, 39, 41, 44, 47, 50, 53, 54, 57, 60, 63, 66, 69, 72, 75, 78, 81, 85, 87, 90, 93, 96, 98, 101, 104, 108, 111, 114, 119, 123, 126, 129, 132, 135, 138, 139, 142, 145, 148, 151, 154, 156, 159, 162, 165, 169, 172, 175, 178, 179, 182, 185, 188, 191, 193, 198], [1, 2, 6, 7, 9, 13, 16, 19, 22, 27, 30, 33, 36, 38, 40, 42, 45, 48, 51, 55, 58, 61, 64, 67, 70, 73, 76, 79, 82, 88, 91, 94, 97, 99, 102, 105, 109, 112, 115, 117, 120, 124, 127, 130, 133, 136, 140, 143, 146, 149, 152, 155, 157, 160, 163, 166, 170, 173, 176, 180, 183, 186, 189, 194, 196], [3, 4, 10, 12, 14, 17, 20, 25, 28, 31, 34, 37, 43, 46, 49, 52, 56, 59, 62, 65, 68, 71, 74, 77, 80, 83, 84, 86, 89, 92, 95, 100, 103, 106, 107, 110, 113, 116, 118, 121, 122, 125, 128, 131, 134, 137, 141, 144, 147, 150, 153, 158, 161, 164, 167, 168, 171, 174, 177, 181, 184, 187, 190, 192, 195, 197]]",0,5.697495694,1.67,416653808.4,2076196,200.6813463
17,"[[0, 5, 8, 11, 15, 18, 21, 23, 24, 26, 29, 32, 35, 39, 41, 44, 47, 50, 53, 54, 57, 60, 63, 66, 69, 72, 75, 78, 81, 85, 87, 90, 93, 96, 98, 101, 104, 108, 111, 114, 119, 123, 126, 129, 132, 135, 138, 139, 142, 145, 148, 151, 154, 156, 159, 162, 165, 169, 172, 175, 178, 179, 182, 185, 188, 191, 193, 198], [1, 2, 6, 7, 9, 13, 16, 19, 22, 27, 30, 33, 36, 38, 40, 42, 45, 48, 51, 55, 58, 61, 64, 67, 70, 73, 76, 79, 82, 88, 91, 94, 97, 99, 102, 105, 109, 112, 115, 117, 120, 124, 127, 130, 133, 136, 140, 143, 146, 149, 152, 155, 157, 160, 163, 166, 170, 173, 176, 180, 183, 186, 189, 194, 196], [3, 4, 10, 12, 14, 17, 20, 25, 28, 31, 34, 37, 43, 46, 49, 52, 56, 59, 62, 65, 68, 71, 74, 77, 80, 83, 84, 86, 89, 92, 95, 100, 103, 106, 107, 110, 113, 116, 118, 121, 122, 125, 128, 131, 134, 137, 141, 144, 147, 150, 153, 158, 161, 164, 167, 168, 171, 174, 177, 181, 184, 187, 190, 192, 195, 197]]",0,4.37370384,1.2,1250128655,2076196,602.1245852
18,"[[0, 5, 8, 11, 15, 18, 21, 23, 24, 26, 29, 32, 35, 39, 41, 44, 47, 50, 53, 54, 57, 60, 63, 66, 69, 72, 75, 78, 81, 85, 87, 90, 93, 96, 98, 101, 104, 108, 111, 114, 119, 123, 126, 129, 132, 135, 138, 139, 142, 145, 148, 151, 154, 156, 159, 162, 165, 169, 172, 175, 178, 179, 182, 185, 188, 191, 193, 198], [1, 2, 6, 7, 9, 13, 16, 19, 22, 27, 30, 33, 36, 38, 40, 42, 45, 48, 51, 55, 58, 61, 64, 67, 70, 73, 76, 79, 82, 88, 91, 94, 97, 99, 102, 105, 109, 112, 115, 117, 120, 124, 127, 130, 133, 136, 140, 143, 146, 149, 152, 155, 157, 160, 163, 166, 170, 173, 176, 180, 183, 186, 189, 194, 196], [3, 4, 10, 12, 14, 17, 20, 25, 28, 31, 34, 37, 43, 46, 49, 52, 56, 59, 62, 65, 68, 71, 74, 77, 80, 83, 84, 86, 89, 92, 95, 100, 103, 106, 107, 110, 113, 116, 118, 121, 122, 125, 128, 131, 134, 137, 141, 144, 147, 150, 153, 158, 161, 164, 167, 168, 171, 174, 177, 181, 184, 187, 190, 192, 195, 197]]",0,3.24262098,1.2,1336808196,2076196,643.8737943
19,"[[0, 5, 8, 11, 15, 18, 21, 23, 24, 26, 29, 32, 35, 39, 41, 44, 47, 50, 53, 54, 57, 60, 63, 66, 69, 72, 75, 78, 81, 85, 87, 90, 93, 96, 98, 101, 104, 108, 111, 114, 119, 123, 126, 129, 132, 135, 138, 139, 142, 145, 148, 151, 154, 156, 159, 162, 165, 169, 172, 175, 178, 179, 182, 185, 188, 191, 193, 198], [1, 2, 6, 7, 9, 13, 16, 19, 22, 27, 30, 33, 36, 38, 40, 42, 45, 48, 51, 55, 58, 61, 64, 67, 70, 73, 76, 79, 82, 88, 91, 94, 97, 99, 102, 105, 109, 112, 115, 117, 120, 124, 127, 130, 133, 136, 140, 143, 146, 149, 152, 155, 157, 160, 163, 166, 170, 173, 176, 180, 183, 186, 189, 194, 196], [3, 4, 10, 12, 14, 17, 20, 25, 28, 31, 34, 37, 43, 46, 49, 52, 56, 59, 62, 65, 68, 71, 74, 77, 80, 83, 84, 86, 89, 92, 95, 100, 103, 106, 107, 110, 113, 116, 118, 121, 122, 125, 128, 131, 134, 137, 141, 144, 147, 150, 153, 158, 161, 164, 167, 168, 171, 174, 177, 181, 184, 187, 190, 192, 195, 197]]",1,2.471983023,1,1470076774,2076196,708.0626175
20,"[[0, 5, 8, 11, 15, 18, 21, 23, 24, 26, 29, 32, 35, 39, 41, 44, 47, 50, 53, 54, 57, 60, 63, 66, 69, 72, 75, 78, 81, 85, 87, 90, 93, 96, 98, 101, 104, 108, 111, 114, 119, 123, 126, 129, 132, 135, 138, 139, 142, 145, 148, 151, 154, 156, 159, 162, 165, 169, 172, 175, 178, 179, 182, 185, 188, 191, 193, 198], [1, 2, 6, 7, 9, 13, 16, 19, 22, 27, 30, 33, 36, 38, 40, 42, 45, 48, 51, 55, 58, 61, 64, 67, 70, 73, 76, 79, 82, 88, 91, 94, 97, 99, 102, 105, 109, 112, 115, 117, 120, 124, 127, 130, 133, 136, 140, 143, 146, 149, 152, 155, 157, 160, 163, 166, 170, 173, 176, 180, 183, 186, 189, 194, 196], [3, 4, 10, 12, 14, 17, 20, 25, 28, 31, 34, 37, 43, 46, 49, 52, 56, 59, 62, 65, 68, 71, 74, 77, 80, 83, 84, 86, 89, 92, 95, 100, 103, 106, 107, 110, 113, 116, 118, 121, 122, 125, 128, 131, 134, 137, 141, 144, 147, 150, 153, 158, 161, 164, 167, 168, 171, 174, 177, 181, 184, 187, 190, 192, 195, 197]]",3,4.069452467,1.2,1061429371,2076196,511.2375572
21,"[[0, 5, 8, 11, 15, 18, 21, 23, 24, 26, 29, 32, 35, 39, 41, 44, 47, 50, 53, 54, 57, 60, 63, 66, 69, 72, 75, 78, 81, 85, 87, 90, 93, 96, 98, 101, 104, 108, 111, 114, 119, 123, 126, 129, 132, 135, 138, 139, 142, 145, 148, 151, 154, 156, 159, 162, 165, 169, 172, 175, 178, 179, 182, 185, 188, 191, 193, 198], [1, 2, 6, 7, 9, 13, 16, 19, 22, 27, 30, 33, 36, 38, 40, 42, 45, 48, 51, 55, 58, 61, 64, 67, 70, 73, 76, 79, 82, 88, 91, 94, 97, 99, 102, 105, 109, 112, 115, 117, 120, 124, 127, 130, 133, 136, 140, 143, 146, 149, 152, 155, 157, 160, 163, 166, 170, 173, 176, 180, 183, 186, 189, 194, 196], [3, 4, 10, 12, 14, 17, 20, 25, 28, 31, 34, 37, 43, 46, 49, 52, 56, 59, 62, 65, 68, 71, 74, 77, 80, 83, 84, 86, 89, 92, 95, 100, 103, 106, 107, 110, 113, 116, 118, 121, 122, 125, 128, 131, 134, 137, 141, 144, 147, 150, 153, 158, 161, 164, 167, 168, 171, 174, 177, 181, 184, 187, 190, 192, 195, 197]]",0,2.122775788,1,1581631630,2076196,761.7930243
22,"[[0, 5, 8, 11, 15, 18, 21, 23, 24, 26, 29, 32, 35, 39, 41, 44, 47, 50, 53, 54, 57, 60, 63, 66, 69, 72, 75, 78, 81, 85, 87, 90, 93, 96, 98, 101, 104, 108, 111, 114, 119, 123, 126, 129, 132, 135, 138, 139, 142, 145, 148, 151, 154, 156, 159, 162, 165, 169, 172, 175, 178, 179, 182, 185, 188, 191, 193, 198], [1, 2, 6, 7, 9, 13, 16, 19, 22, 27, 30, 33, 36, 38, 40, 42, 45, 48, 51, 55, 58, 61, 64, 67, 70, 73, 76, 79, 82, 88, 91, 94, 97, 99, 102, 105, 109, 112, 115, 117, 120, 124, 127, 130, 133, 136, 140, 143, 146, 149, 152, 155, 157, 160, 163, 166, 170, 173, 176, 180, 183, 186, 189, 194, 196], [3, 4, 10, 12, 14, 17, 20, 25, 28, 31, 34, 37, 43, 46, 49, 52, 56, 59, 62, 65, 68, 71, 74, 77, 80, 83, 84, 86, 89, 92, 95, 100, 103, 106, 107, 110, 113, 116, 118, 121, 122, 125, 128, 131, 134, 137, 141, 144, 147, 150, 153, 158, 161, 164, 167, 168, 171, 174, 177, 181, 184, 187, 190, 192, 195, 197]]",12,2.26439559,1,1564613984,2076196,753.5964734
23,"[[0, 5, 8, 11, 15, 18, 21, 23, 24, 26, 29, 32, 35, 39, 41, 44, 47, 50, 53, 54, 57, 60, 63, 66, 69, 72, 75, 78, 81, 85, 87, 90, 93, 96, 98, 101, 104, 108, 111, 114, 119, 123, 126, 129, 132, 135, 138, 139, 142, 145, 148, 151, 154, 156, 159, 162, 165, 169, 172, 175, 178, 179, 182, 185, 188, 191, 193, 198], [1, 2, 6, 7, 9, 13, 16, 19, 22, 27, 30, 33, 36, 38, 40, 42, 45, 48, 51, 55, 58, 61, 64, 67, 70, 73, 76, 79, 82, 88, 91, 94, 97, 99, 102, 105, 109, 112, 115, 117, 120, 124, 127, 130, 133, 136, 140, 143, 146, 149, 152, 155, 157, 160, 163, 166, 170, 173, 176, 180, 183, 186, 189, 194, 196], [3, 4, 10, 12, 14, 17, 20, 25, 28, 31, 34, 37, 43, 46, 49, 52, 56, 59, 62, 65, 68, 71, 74, 77, 80, 83, 84, 86, 89, 92, 95, 100, 103, 106, 107, 110, 113, 116, 118, 121, 122, 125, 128, 131, 134, 137, 141, 144, 147, 150, 153, 158, 161, 164, 167, 168, 171, 174, 177, 181, 184, 187, 190, 192, 195, 197]]",1,6.379742266,1.67,957048011,2076196,460.9622651
24,"[[0, 5, 8, 11, 15, 18, 21, 23, 24, 26, 29, 32, 35, 39, 41, 44, 47, 50, 53, 54, 57, 60, 63, 66, 69, 72, 75, 78, 81, 85, 87, 90, 93, 96, 98, 101, 104, 108, 111, 114, 119, 123, 126, 129, 132, 135, 138, 139, 142, 145, 148, 151, 154, 156, 159, 162, 165, 169, 172, 175, 178, 179, 182, 185, 188, 191, 193, 198], [1, 2, 6, 7, 9, 13, 16, 19, 22, 27, 30, 33, 36, 38, 40, 42, 45, 48, 51, 55, 58, 61, 64, 67, 70, 73, 76, 79, 82, 88, 91, 94, 97, 99, 102, 105, 109, 112, 115, 117, 120, 124, 127, 130, 133, 136, 140, 143, 146, 149, 152, 155, 157, 160, 163, 166, 170, 173, 176, 180, 183, 186, 189, 194, 196], [3, 4, 10, 12, 14, 17, 20, 25, 28, 31, 34, 37, 43, 46, 49, 52, 56, 59, 62, 65, 68, 71, 74, 77, 80, 83, 84, 86, 89, 92, 95, 100, 103, 106, 107, 110, 113, 116, 118, 121, 122, 125, 128, 131, 134, 137, 141, 144, 147, 150, 153, 158, 161, 164, 167, 168, 171, 174, 177, 181, 184, 187, 190, 192, 195, 197]]",2,3.333014167,1.2,1318460578,2076196,635.0366623
25,"[[0, 5, 8, 11, 15, 18, 21, 23, 24, 26, 29, 32, 35, 39, 41, 44, 47, 50, 53, 54, 57, 60, 63, 66, 69, 72, 75, 78, 81, 85, 87, 90, 93, 96, 98, 101, 104, 108, 111, 114, 119, 123, 126, 129, 132, 135, 138, 139, 142, 145, 148, 151, 154, 156, 159, 162, 165, 169, 172, 175, 178, 179, 182, 185, 188, 191, 193, 198], [1, 2, 6, 7, 9, 13, 16, 19, 22, 27, 30, 33, 36, 38, 40, 42, 45, 48, 51, 55, 58, 61, 64, 67, 70, 73, 76, 79, 82, 88, 91, 94, 97, 99, 102, 105, 109, 112, 115, 117, 120, 124, 127, 130, 133, 136, 140, 143, 146, 149, 152, 155, 157, 160, 163, 166, 170, 173, 176, 180, 183, 186, 189, 194, 196], [3, 4, 10, 12, 14, 17, 20, 25, 28, 31, 34, 37, 43, 46, 49, 52, 56, 59, 62, 65, 68, 71, 74, 77, 80, 83, 84, 86, 89, 92, 95, 100, 103, 106, 107, 110, 113, 116, 118, 121, 122, 125, 128, 131, 134, 137, 141, 144, 147, 150, 153, 158, 161, 164, 167, 168, 171, 174, 177, 181, 184, 187, 190, 192, 195, 197]]",0,4.057062999,1.2,1145739283,2076196,551.8454342
26,"[[0, 5, 8, 11, 15, 18, 21, 23, 24, 26, 29, 32, 35, 39, 41, 44, 47, 50, 53, 54, 57, 60, 63, 66, 69, 72, 75, 78, 81, 85, 87, 90, 93, 96, 98, 101, 104, 108, 111, 114, 119, 123, 126, 129, 132, 135, 138, 139, 142, 145, 148, 151, 154, 156, 159, 162, 165, 169, 172, 175, 178, 179, 182, 185, 188, 191, 193, 198], [1, 2, 6, 7, 9, 13, 16, 19, 22, 27, 30, 33, 36, 38, 40, 42, 45, 48, 51, 55, 58, 61, 64, 67, 70, 73, 76, 79, 82, 88, 91, 94, 97, 99, 102, 105, 109, 112, 115, 117, 120, 124, 127, 130, 133, 136, 140, 143, 146, 149, 152, 155, 157, 160, 163, 166, 170, 173, 176, 180, 183, 186, 189, 194, 196], [3, 4, 10, 12, 14, 17, 20, 25, 28, 31, 34, 37, 43, 46, 49, 52, 56, 59, 62, 65, 68, 71, 74, 77, 80, 83, 84, 86, 89, 92, 95, 100, 103, 106, 107, 110, 113, 116, 118, 121, 122, 125, 128, 131, 134, 137, 141, 144, 147, 150, 153, 158, 161, 164, 167, 168, 171, 174, 177, 181, 184, 187, 190, 192, 195, 197]]",0,2.103550902,1,1555892756,2076196,749.3958934
27,"[[0, 5, 8, 11, 15, 18, 21, 23, 24, 26, 29, 32, 35, 39, 41, 44, 47, 50, 53, 54, 57, 60, 63, 66, 69, 72, 75, 78, 81, 85, 87, 90, 93, 96, 98, 101, 104, 108, 111, 114, 119, 123, 126, 129, 132, 135, 138, 139, 142, 145, 148, 151, 154, 156, 159, 162, 165, 169, 172, 175, 178, 179, 182, 185, 188, 191, 193, 198], [1, 2, 6, 7, 9, 13, 16, 19, 22, 27, 30, 33, 36, 38, 40, 42, 45, 48, 51, 55, 58, 61, 64, 67, 70, 73, 76, 79, 82, 88, 91, 94, 97, 99, 102, 105, 109, 112, 115, 117, 120, 124, 127, 130, 133, 136, 140, 143, 146, 149, 152, 155, 157, 160, 163, 166, 170, 173, 176, 180, 183, 186, 189, 194, 196], [3, 4, 10, 12, 14, 17, 20, 25, 28, 31, 34, 37, 43, 46, 49, 52, 56, 59, 62, 65, 68, 71, 74, 77, 80, 83, 84, 86, 89, 92, 95, 100, 103, 106, 107, 110, 113, 116, 118, 121, 122, 125, 128, 131, 134, 137, 141, 144, 147, 150, 153, 158, 161, 164, 167, 168, 171, 174, 177, 181, 184, 187, 190, 192, 195, 197]]",0,2.318233922,1,1541923968,2076196,742.6678252
28,"[[0, 5, 8, 11, 15, 18, 21, 23, 24, 26, 29, 32, 35, 39, 41, 44, 47, 50, 53, 54, 57, 60, 63, 66, 69, 72, 75, 78, 81, 85, 87, 90, 93, 96, 98, 101, 104, 108, 111, 114, 119, 123, 126, 129, 132, 135, 138, 139, 142, 145, 148, 151, 154, 156, 159, 162, 165, 169, 172, 175, 178, 179, 182, 185, 188, 191, 193, 198], [1, 2, 6, 7, 9, 13, 16, 19, 22, 27, 30, 33, 36, 38, 40, 42, 45, 48, 51, 55, 58, 61, 64, 67, 70, 73, 76, 79, 82, 88, 91, 94, 97, 99, 102, 105, 109, 112, 115, 117, 120, 124, 127, 130, 133, 136, 140, 143, 146, 149, 152, 155, 157, 160, 163, 166, 170, 173, 176, 180, 183, 186, 189, 194, 196], [3, 4, 10, 12, 14, 17, 20, 25, 28, 31, 34, 37, 43, 46, 49, 52, 56, 59, 62, 65, 68, 71, 74, 77, 80, 83, 84, 86, 89, 92, 95, 100, 103, 106, 107, 110, 113, 116, 118, 121, 122, 125, 128, 131, 134, 137, 141, 144, 147, 150, 153, 158, 161, 164, 167, 168, 171, 174, 177, 181, 184, 187, 190, 192, 195, 197]]",0,2.60789893,1,1514191637,2076196,729.3105452
29,"[[0, 5, 8, 11, 15, 18, 21, 23, 24, 26, 29, 32, 35, 39, 41, 44, 47, 50, 53, 54, 57, 60, 63, 66, 69, 72, 75, 78, 81, 85, 87, 90, 93, 96, 98, 101, 104, 108, 111, 114, 119, 123, 126, 129, 132, 135, 138, 139, 142, 145, 148, 151, 154, 156, 159, 162, 165, 169, 172, 175, 178, 179, 182, 185, 188, 191, 193, 198], [1, 2, 6, 7, 9, 13, 16, 19, 22, 27, 30, 33, 36, 38, 40, 42, 45, 48, 51, 55, 58, 61, 64, 67, 70, 73, 76, 79, 82, 88, 91, 94, 97, 99, 102, 105, 109, 112, 115, 117, 120, 124, 127, 130, 133, 136, 140, 143, 146, 149, 152, 155, 157, 160, 163, 166, 170, 173, 176, 180, 183, 186, 189, 194, 196], [3, 4, 10, 12, 14, 17, 20, 25, 28, 31, 34, 37, 43, 46, 49, 52, 56, 59, 62, 65, 68, 71, 74, 77, 80, 83, 84, 86, 89, 92, 95, 100, 103, 106, 107, 110, 113, 116, 118, 121, 122, 125, 128, 131, 134, 137, 141, 144, 147, 150, 153, 158, 161, 164, 167, 168, 171, 174, 177, 181, 184, 187, 190, 192, 195, 197]]",0,5.902294156,1.67,456300220.4,2076196,219.7770443
30,"[[0, 5, 8, 11, 15, 18, 21, 23, 24, 26, 29, 32, 35, 39, 41, 44, 47, 50, 53, 54, 57, 60, 63, 66, 69, 72, 75, 78, 81, 85, 87, 90, 93, 96, 98, 101, 104, 108, 111, 114, 119, 123, 126, 129, 132, 135, 138, 139, 142, 145, 148, 151, 154, 156, 159, 162, 165, 169, 172, 175, 178, 179, 182, 185, 188, 191, 193, 198], [1, 2, 6, 7, 9, 13, 16, 19, 22, 27, 30, 33, 36, 38, 40, 42, 45, 48, 51, 55, 58, 61, 64, 67, 70, 73, 76, 79, 82, 88, 91, 94, 97, 99, 102, 105, 109, 112, 115, 117, 120, 124, 127, 130, 133, 136, 140, 143, 146, 149, 152, 155, 157, 160, 163, 166, 170, 173, 176, 180, 183, 186, 189, 194, 196], [3, 4, 10, 12, 14, 17, 20, 25, 28, 31, 34, 37, 43, 46, 49, 52, 56, 59, 62, 65, 68, 71, 74, 77, 80, 83, 84, 86, 89, 92, 95, 100, 103, 106, 107, 110, 113, 116, 118, 121, 122, 125, 128, 131, 134, 137, 141, 144, 147, 150, 153, 158, 161, 164, 167, 168, 171, 174, 177, 181, 184, 187, 190, 192, 195, 197]]",0,2.406420491,1,1597868123,2076196,769.6133327
31,"[[0, 5, 8, 11, 15, 18, 21, 23, 24, 26, 29, 32, 35, 39, 41, 44, 47, 50, 53, 54, 57, 60, 63, 66, 69, 72, 75, 78, 81, 85, 87, 90, 93, 96, 98, 101, 104, 108, 111, 114, 119, 123, 126, 129, 132, 135, 138, 139, 142, 145, 148, 151, 154, 156, 159, 162, 165, 169, 172, 175, 178, 179, 182, 185, 188, 191, 193, 198], [1, 2, 6, 7, 9, 13, 16, 19, 22, 27, 30, 33, 36, 38, 40, 42, 45, 48, 51, 55, 58, 61, 64, 67, 70, 73, 76, 79, 82, 88, 91, 94, 97, 99, 102, 105, 109, 112, 115, 117, 120, 124, 127, 130, 133, 136, 140, 143, 146, 149, 152, 155, 157, 160, 163, 166, 170, 173, 176, 180, 183, 186, 189, 194, 196], [3, 4, 10, 12, 14, 17, 20, 25, 28, 31, 34, 37, 43, 46, 49, 52, 56, 59, 62, 65, 68, 71, 74, 77, 80, 83, 84, 86, 89, 92, 95, 100, 103, 106, 107, 110, 113, 116, 118, 121, 122, 125, 128, 131, 134, 137, 141, 144, 147, 150, 153, 158, 161, 164, 167, 168, 171, 174, 177, 181, 184, 187, 190, 192, 195, 197]]",0,3.021550848,1.2,1494052196,2076196,719.6103816
32,"[[0, 5, 8, 11, 15, 18, 21, 23, 24, 26, 29, 32, 35, 39, 41, 44, 47, 50, 53, 54, 57, 60, 63, 66, 69, 72, 75, 78, 81, 85, 87, 90, 93, 96, 98, 101, 104, 108, 111, 114, 119, 123, 126, 129, 132, 135, 138, 139, 142, 145, 148, 151, 154, 156, 159, 162, 165, 169, 172, 175, 178, 179, 182, 185, 188, 191, 193, 198], [1, 2, 6, 7, 9, 13, 16, 19, 22, 27, 30, 33, 36, 38, 40, 42, 45, 48, 51, 55, 58, 61, 64, 67, 70, 73, 76, 79, 82, 88, 91, 94, 97, 99, 102, 105, 109, 112, 115, 117, 120, 124, 127, 130, 133, 136, 140, 143, 146, 149, 152, 155, 157, 160, 163, 166, 170, 173, 176, 180, 183, 186, 189, 194, 196], [3, 4, 10, 12, 14, 17, 20, 25, 28, 31, 34, 37, 43, 46, 49, 52, 56, 59, 62, 65, 68, 71, 74, 77, 80, 83, 84, 86, 89, 92, 95, 100, 103, 106, 107, 110, 113, 116, 118, 121, 122, 125, 128, 131, 134, 137, 141, 144, 147, 150, 153, 158, 161, 164, 167, 168, 171, 174, 177, 181, 184, 187, 190, 192, 195, 197]]",2,2.820302843,1.2,1421929927,2076196,684.8726839
33,"[[0, 5, 8, 11, 15, 18, 21, 23, 24, 26, 29, 32, 35, 39, 41, 44, 47, 50, 53, 54, 57, 60, 63, 66, 69, 72, 75, 78, 81, 85, 87, 90, 93, 96, 98, 101, 104, 108, 111, 114, 119, 123, 126, 129, 132, 135, 138, 139, 142, 145, 148, 151, 154, 156, 159, 162, 165, 169, 172, 175, 178, 179, 182, 185, 188, 191, 193, 198], [1, 2, 6, 7, 9, 13, 16, 19, 22, 27, 30, 33, 36, 38, 40, 42, 45, 48, 51, 55, 58, 61, 64, 67, 70, 73, 76, 79, 82, 88, 91, 94, 97, 99, 102, 105, 109, 112, 115, 117, 120, 124, 127, 130, 133, 136, 140, 143, 146, 149, 152, 155, 157, 160, 163, 166, 170, 173, 176, 180, 183, 186, 189, 194, 196], [3, 4, 10, 12, 14, 17, 20, 25, 28, 31, 34, 37, 43, 46, 49, 52, 56, 59, 62, 65, 68, 71, 74, 77, 80, 83, 84, 86, 89, 92, 95, 100, 103, 106, 107, 110, 113, 116, 118, 121, 122, 125, 128, 131, 134, 137, 141, 144, 147, 150, 153, 158, 161, 164, 167, 168, 171, 174, 177, 181, 184, 187, 190, 192, 195, 197]]",0,2.142423876,1,1631566710,2076196,785.8442603
34,"[[0, 5, 8, 11, 15, 18, 21, 23, 24, 26, 29, 32, 35, 39, 41, 44, 47, 50, 53, 54, 57, 60, 63, 66, 69, 72, 75, 78, 81, 85, 87, 90, 93, 96, 98, 101, 104, 108, 111, 114, 119, 123, 126, 129, 132, 135, 138, 139, 142, 145, 148, 151, 154, 156, 159, 162, 165, 169, 172, 175, 178, 179, 182, 185, 188, 191, 193, 198], [1, 2, 6, 7, 9, 13, 16, 19, 22, 27, 30, 33, 36, 38, 40, 42, 45, 48, 51, 55, 58, 61, 64, 67, 70, 73, 76, 79, 82, 88, 91, 94, 97, 99, 102, 105, 109, 112, 115, 117, 120, 124, 127, 130, 133, 136, 140, 143, 146, 149, 152, 155, 157, 160, 163, 166, 170, 173, 176, 180, 183, 186, 189, 194, 196], [3, 4, 10, 12, 14, 17, 20, 25, 28, 31, 34, 37, 43, 46, 49, 52, 56, 59, 62, 65, 68, 71, 74, 77, 80, 83, 84, 86, 89, 92, 95, 100, 103, 106, 107, 110, 113, 116, 118, 121, 122, 125, 128, 131, 134, 137, 141, 144, 147, 150, 153, 158, 161, 164, 167, 168, 171, 174, 177, 181, 184, 187, 190, 192, 195, 197]]",0,2.277505531,1,1539758330,2076196,741.6247452
35,"[[0, 5, 8, 11, 15, 18, 21, 23, 24, 26, 29, 32, 35, 39, 41, 44, 47, 50, 53, 54, 57, 60, 63, 66, 69, 72, 75, 78, 81, 85, 87, 90, 93, 96, 98, 101, 104, 108, 111, 114, 119, 123, 126, 129, 132, 135, 138, 139, 142, 145, 148, 151, 154, 156, 159, 162, 165, 169, 172, 175, 178, 179, 182, 185, 188, 191, 193, 198], [1, 2, 6, 7, 9, 13, 16, 19, 22, 27, 30, 33, 36, 38, 40, 42, 45, 48, 51, 55, 58, 61, 64, 67, 70, 73, 76, 79, 82, 88, 91, 94, 97, 99, 102, 105, 109, 112, 115, 117, 120, 124, 127, 130, 133, 136, 140, 143, 146, 149, 152, 155, 157, 160, 163, 166, 170, 173, 176, 180, 183, 186, 189, 194, 196], [3, 4, 10, 12, 14, 17, 20, 25, 28, 31, 34, 37, 43, 46, 49, 52, 56, 59, 62, 65, 68, 71, 74, 77, 80, 83, 84, 86, 89, 92, 95, 100, 103, 106, 107, 110, 113, 116, 118, 121, 122, 125, 128, 131, 134, 137, 141, 144, 147, 150, 153, 158, 161, 164, 167, 168, 171, 174, 177, 181, 184, 187, 190, 192, 195, 197]]",1,3.693373451,1.2,1216360497,2076196,585.8601486
36,"[[0, 5, 8, 11, 15, 18, 21, 23, 24, 26, 29, 32, 35, 39, 41, 44, 47, 50, 53, 54, 57, 60, 63, 66, 69, 72, 75, 78, 81, 85, 87, 90, 93, 96, 98, 101, 104, 108, 111, 114, 119, 123, 126, 129, 132, 135, 138, 139, 142, 145, 148, 151, 154, 156, 159, 162, 165, 169, 172, 175, 178, 179, 182, 185, 188, 191, 193, 198], [1, 2, 6, 7, 9, 13, 16, 19, 22, 27, 30, 33, 36, 38, 40, 42, 45, 48, 51, 55, 58, 61, 64, 67, 70, 73, 76, 79, 82, 88, 91, 94, 97, 99, 102, 105, 109, 112, 115, 117, 120, 124, 127, 130, 133, 136, 140, 143, 146, 149, 152, 155, 157, 160, 163, 166, 170, 173, 176, 180, 183, 186, 189, 194, 196], [3, 4, 10, 12, 14, 17, 20, 25, 28, 31, 34, 37, 43, 46, 49, 52, 56, 59, 62, 65, 68, 71, 74, 77, 80, 83, 84, 86, 89, 92, 95, 100, 103, 106, 107, 110, 113, 116, 118, 121, 122, 125, 128, 131, 134, 137, 141, 144, 147, 150, 153, 158, 161, 164, 167, 168, 171, 174, 177, 181, 184, 187, 190, 192, 195, 197]]",0,5.255396691,1.5,924532910.3,2076196,445.3013638
37,"[[0, 5, 8, 11, 15, 18, 21, 23, 24, 26, 29, 32, 35, 39, 41, 44, 47, 50, 53, 54, 57, 60, 63, 66, 69, 72, 75, 78, 81, 85, 87, 90, 93, 96, 98, 101, 104, 108, 111, 114, 119, 123, 126, 129, 132, 135, 138, 139, 142, 145, 148, 151, 154, 156, 159, 162, 165, 169, 172, 175, 178, 179, 182, 185, 188, 191, 193, 198], [1, 2, 6, 7, 9, 13, 16, 19, 22, 27, 30, 33, 36, 38, 40, 42, 45, 48, 51, 55, 58, 61, 64, 67, 70, 73, 76, 79, 82, 88, 91, 94, 97, 99, 102, 105, 109, 112, 115, 117, 120, 124, 127, 130, 133, 136, 140, 143, 146, 149, 152, 155, 157, 160, 163, 166, 170, 173, 176, 180, 183, 186, 189, 194, 196], [3, 4, 10, 12, 14, 17, 20, 25, 28, 31, 34, 37, 43, 46, 49, 52, 56, 59, 62, 65, 68, 71, 74, 77, 80, 83, 84, 86, 89, 92, 95, 100, 103, 106, 107, 110, 113, 116, 118, 121, 122, 125, 128, 131, 134, 137, 141, 144, 147, 150, 153, 158, 161, 164, 167, 168, 171, 174, 177, 181, 184, 187, 190, 192, 195, 197]]",1,2.538596446,1,1479615394,2076196,712.6568945
38,"[[0, 5, 8, 11, 15, 18, 21, 23, 24, 26, 29, 32, 35, 39, 41, 44, 47, 50, 53, 54, 57, 60, 63, 66, 69, 72, 75, 78, 81, 85, 87, 90, 93, 96, 98, 101, 104, 108, 111, 114, 119, 123, 126, 129, 132, 135, 138, 139, 142, 145, 148, 151, 154, 156, 159, 162, 165, 169, 172, 175, 178, 179, 182, 185, 188, 191, 193, 198], [1, 2, 6, 7, 9, 13, 16, 19, 22, 27, 30, 33, 36, 38, 40, 42, 45, 48, 51, 55, 58, 61, 64, 67, 70, 73, 76, 79, 82, 88, 91, 94, 97, 99, 102, 105, 109, 112, 115, 117, 120, 124, 127, 130, 133, 136, 140, 143, 146, 149, 152, 155, 157, 160, 163, 166, 170, 173, 176, 180, 183, 186, 189, 194, 196], [3, 4, 10, 12, 14, 17, 20, 25, 28, 31, 34, 37, 43, 46, 49, 52, 56, 59, 62, 65, 68, 71, 74, 77, 80, 83, 84, 86, 89, 92, 95, 100, 103, 106, 107, 110, 113, 116, 118, 121, 122, 125, 128, 131, 134, 137, 141, 144, 147, 150, 153, 158, 161, 164, 167, 168, 171, 174, 177, 181, 184, 187, 190, 192, 195, 197]]",0,2.557585566,1,1538397370,2076196,740.9692391
39,"[[0, 5, 8, 11, 15, 18, 21, 23, 24, 26, 29, 32, 35, 39, 41, 44, 47, 50, 53, 54, 57, 60, 63, 66, 69, 72, 75, 78, 81, 85, 87, 90, 93, 96, 98, 101, 104, 108, 111, 114, 119, 123, 126, 129, 132, 135, 138, 139, 142, 145, 148, 151, 154, 156, 159, 162, 165, 169, 172, 175, 178, 179, 182, 185, 188, 191, 193, 198], [1, 2, 6, 7, 9, 13, 16, 19, 22, 27, 30, 33, 36, 38, 40, 42, 45, 48, 51, 55, 58, 61, 64, 67, 70, 73, 76, 79, 82, 88, 91, 94, 97, 99, 102, 105, 109, 112, 115, 117, 120, 124, 127, 130, 133, 136, 140, 143, 146, 149, 152, 155, 157, 160, 163, 166, 170, 173, 176, 180, 183, 186, 189, 194, 196], [3, 4, 10, 12, 14, 17, 20, 25, 28, 31, 34, 37, 43, 46, 49, 52, 56, 59, 62, 65, 68, 71, 74, 77, 80, 83, 84, 86, 89, 92, 95, 100, 103, 106, 107, 110, 113, 116, 118, 121, 122, 125, 128, 131, 134, 137, 141, 144, 147, 150, 153, 158, 161, 164, 167, 168, 171, 174, 177, 181, 184, 187, 190, 192, 195, 197]]",0,2.132510424,1,1682403643,2076196,810.3298741
40,"[[0, 5, 8, 11, 15, 18, 21, 23, 24, 26, 29, 32, 35, 39, 41, 44, 47, 50, 53, 54, 57, 60, 63, 66, 69, 72, 75, 78, 81, 85, 87, 90, 93, 96, 98, 101, 104, 108, 111, 114, 119, 123, 126, 129, 132, 135, 138, 139, 142, 145, 148, 151, 154, 156, 159, 162, 165, 169, 172, 175, 178, 179, 182, 185, 188, 191, 193, 198], [1, 2, 6, 7, 9, 13, 16, 19, 22, 27, 30, 33, 36, 38, 40, 42, 45, 48, 51, 55, 58, 61, 64, 67, 70, 73, 76, 79, 82, 88, 91, 94, 97, 99, 102, 105, 109, 112, 115, 117, 120, 124, 127, 130, 133, 136, 140, 143, 146, 149, 152, 155, 157, 160, 163, 166, 170, 173, 176, 180, 183, 186, 189, 194, 196], [3, 4, 10, 12, 14, 17, 20, 25, 28, 31, 34, 37, 43, 46, 49, 52, 56, 59, 62, 65, 68, 71, 74, 77, 80, 83, 84, 86, 89, 92, 95, 100, 103, 106, 107, 110, 113, 116, 118, 121, 122, 125, 128, 131, 134, 137, 141, 144, 147, 150, 153, 158, 161, 164, 167, 168, 171, 174, 177, 181, 184, 187, 190, 192, 195, 197]]",1,3.479440241,1.2,1278051221,2076196,615.5734915
41,"[[0, 5, 8, 11, 15, 18, 21, 23, 24, 26, 29, 32, 35, 39, 41, 44, 47, 50, 53, 54, 57, 60, 63, 66, 69, 72, 75, 78, 81, 85, 87, 90, 93, 96, 98, 101, 104, 108, 111, 114, 119, 123, 126, 129, 132, 135, 138, 139, 142, 145, 148, 151, 154, 156, 159, 162, 165, 169, 172, 175, 178, 179, 182, 185, 188, 191, 193, 198], [1, 2, 6, 7, 9, 13, 16, 19, 22, 27, 30, 33, 36, 38, 40, 42, 45, 48, 51, 55, 58, 61, 64, 67, 70, 73, 76, 79, 82, 88, 91, 94, 97, 99, 102, 105, 109, 112, 115, 117, 120, 124, 127, 130, 133, 136, 140, 143, 146, 149, 152, 155, 157, 160, 163, 166, 170, 173, 176, 180, 183, 186, 189, 194, 196], [3, 4, 10, 12, 14, 17, 20, 25, 28, 31, 34, 37, 43, 46, 49, 52, 56, 59, 62, 65, 68, 71, 74, 77, 80, 83, 84, 86, 89, 92, 95, 100, 103, 106, 107, 110, 113, 116, 118, 121, 122, 125, 128, 131, 134, 137, 141, 144, 147, 150, 153, 158, 161, 164, 167, 168, 171, 174, 177, 181, 184, 187, 190, 192, 195, 197]]",6,2.335479638,1,1489904675,2076196,717.6127277
42,"[[0, 5, 8, 11, 15, 18, 21, 23, 24, 26, 29, 32, 35, 39, 41, 44, 47, 50, 53, 54, 57, 60, 63, 66, 69, 72, 75, 78, 81, 85, 87, 90, 93, 96, 98, 101, 104, 108, 111, 114, 119, 123, 126, 129, 132, 135, 138, 139, 142, 145, 148, 151, 154, 156, 159, 162, 165, 169, 172, 175, 178, 179, 182, 185, 188, 191, 193, 198], [1, 2, 6, 7, 9, 13, 16, 19, 22, 27, 30, 33, 36, 38, 40, 42, 45, 48, 51, 55, 58, 61, 64, 67, 70, 73, 76, 79, 82, 88, 91, 94, 97, 99, 102, 105, 109, 112, 115, 117, 120, 124, 127, 130, 133, 136, 140, 143, 146, 149, 152, 155, 157, 160, 163, 166, 170, 173, 176, 180, 183, 186, 189, 194, 196], [3, 4, 10, 12, 14, 17, 20, 25, 28, 31, 34, 37, 43, 46, 49, 52, 56, 59, 62, 65, 68, 71, 74, 77, 80, 83, 84, 86, 89, 92, 95, 100, 103, 106, 107, 110, 113, 116, 118, 121, 122, 125, 128, 131, 134, 137, 141, 144, 147, 150, 153, 158, 161, 164, 167, 168, 171, 174, 177, 181, 184, 187, 190, 192, 195, 197]]",0,2.195299384,1,1520182883,2076196,732.1962294
43,"[[0, 5, 8, 11, 15, 18, 21, 23, 24, 26, 29, 32, 35, 39, 41, 44, 47, 50, 53, 54, 57, 60, 63, 66, 69, 72, 75, 78, 81, 85, 87, 90, 93, 96, 98, 101, 104, 108, 111, 114, 119, 123, 126, 129, 132, 135, 138, 139, 142, 145, 148, 151, 154, 156, 159, 162, 165, 169, 172, 175, 178, 179, 182, 185, 188, 191, 193, 198], [1, 2, 6, 7, 9, 13, 16, 19, 22, 27, 30, 33, 36, 38, 40, 42, 45, 48, 51, 55, 58, 61, 64, 67, 70, 73, 76, 79, 82, 88, 91, 94, 97, 99, 102, 105, 109, 112, 115, 117, 120, 124, 127, 130, 133, 136, 140, 143, 146, 149, 152, 155, 157, 160, 163, 166, 170, 173, 176, 180, 183, 186, 189, 194, 196], [3, 4, 10, 12, 14, 17, 20, 25, 28, 31, 34, 37, 43, 46, 49, 52, 56, 59, 62, 65, 68, 71, 74, 77, 80, 83, 84, 86, 89, 92, 95, 100, 103, 106, 107, 110, 113, 116, 118, 121, 122, 125, 128, 131, 134, 137, 141, 144, 147, 150, 153, 158, 161, 164, 167, 168, 171, 174, 177, 181, 184, 187, 190, 192, 195, 197]]",0,3.117077853,1.2,1265323395,2076196,609.4431329
44,"[[0, 5, 8, 11, 15, 18, 21, 23, 24, 26, 29, 32, 35, 39, 41, 44, 47, 50, 53, 54, 57, 60, 63, 66, 69, 72, 75, 78, 81, 85, 87, 90, 93, 96, 98, 101, 104, 108, 111, 114, 119, 123, 126, 129, 132, 135, 138, 139, 142, 145, 148, 151, 154, 156, 159, 162, 165, 169, 172, 175, 178, 179, 182, 185, 188, 191, 193, 198], [1, 2, 6, 7, 9, 13, 16, 19, 22, 27, 30, 33, 36, 38, 40, 42, 45, 48, 51, 55, 58, 61, 64, 67, 70, 73, 76, 79, 82, 88, 91, 94, 97, 99, 102, 105, 109, 112, 115, 117, 120, 124, 127, 130, 133, 136, 140, 143, 146, 149, 152, 155, 157, 160, 163, 166, 170, 173, 176, 180, 183, 186, 189, 194, 196], [3, 4, 10, 12, 14, 17, 20, 25, 28, 31, 34, 37, 43, 46, 49, 52, 56, 59, 62, 65, 68, 71, 74, 77, 80, 83, 84, 86, 89, 92, 95, 100, 103, 106, 107, 110, 113, 116, 118, 121, 122, 125, 128, 131, 134, 137, 141, 144, 147, 150, 153, 158, 161, 164, 167, 168, 171, 174, 177, 181, 184, 187, 190, 192, 195, 197]]",0,3.151282273,1.2,1299276263,2076196,625.796535
45,"[[0, 5, 8, 11, 15, 18, 21, 23, 24, 26, 29, 32, 35, 39, 41, 44, 47, 50, 53, 54, 57, 60, 63, 66, 69, 72, 75, 78, 81, 85, 87, 90, 93, 96, 98, 101, 104, 108, 111, 114, 119, 123, 126, 129, 132, 135, 138, 139, 142, 145, 148, 151, 154, 156, 159, 162, 165, 169, 172, 175, 178, 179, 182, 185, 188, 191, 193, 198], [1, 2, 6, 7, 9, 13, 16, 19, 22, 27, 30, 33, 36, 38, 40, 42, 45, 48, 51, 55, 58, 61, 64, 67, 70, 73, 76, 79, 82, 88, 91, 94, 97, 99, 102, 105, 109, 112, 115, 117, 120, 124, 127, 130, 133, 136, 140, 143, 146, 149, 152, 155, 157, 160, 163, 166, 170, 173, 176, 180, 183, 186, 189, 194, 196], [3, 4, 10, 12, 14, 17, 20, 25, 28, 31, 34, 37, 43, 46, 49, 52, 56, 59, 62, 65, 68, 71, 74, 77, 80, 83, 84, 86, 89, 92, 95, 100, 103, 106, 107, 110, 113, 116, 118, 121, 122, 125, 128, 131, 134, 137, 141, 144, 147, 150, 153, 158, 161, 164, 167, 168, 171, 174, 177, 181, 184, 187, 190, 192, 195, 197]]",1,2.589908454,1,1469299773,2076196,707.6883747
46,"[[0, 5, 8, 11, 15, 18, 21, 23, 24, 26, 29, 32, 35, 39, 41, 44, 47, 50, 53, 54, 57, 60, 63, 66, 69, 72, 75, 78, 81, 85, 87, 90, 93, 96, 98, 101, 104, 108, 111, 114, 119, 123, 126, 129, 132, 135, 138, 139, 142, 145, 148, 151, 154, 156, 159, 162, 165, 169, 172, 175, 178, 179, 182, 185, 188, 191, 193, 198], [1, 2, 6, 7, 9, 13, 16, 19, 22, 27, 30, 33, 36, 38, 40, 42, 45, 48, 51, 55, 58, 61, 64, 67, 70, 73, 76, 79, 82, 88, 91, 94, 97, 99, 102, 105, 109, 112, 115, 117, 120, 124, 127, 130, 133, 136, 140, 143, 146, 149, 152, 155, 157, 160, 163, 166, 170, 173, 176, 180, 183, 186, 189, 194, 196], [3, 4, 10, 12, 14, 17, 20, 25, 28, 31, 34, 37, 43, 46, 49, 52, 56, 59, 62, 65, 68, 71, 74, 77, 80, 83, 84, 86, 89, 92, 95, 100, 103, 106, 107, 110, 113, 116, 118, 121, 122, 125, 128, 131, 134, 137, 141, 144, 147, 150, 153, 158, 161, 164, 167, 168, 171, 174, 177, 181, 184, 187, 190, 192, 195, 197]]",0,5.162199563,1.5,1052062234,2076196,506.7258745
47,"[[0, 5, 8, 11, 15, 18, 21, 23, 24, 26, 29, 32, 35, 39, 41, 44, 47, 50, 53, 54, 57, 60, 63, 66, 69, 72, 75, 78, 81, 85, 87, 90, 93, 96, 98, 101, 104, 108, 111, 114, 119, 123, 126, 129, 132, 135, 138, 139, 142, 145, 148, 151, 154, 156, 159, 162, 165, 169, 172, 175, 178, 179, 182, 185, 188, 191, 193, 198], [1, 2, 6, 7, 9, 13, 16, 19, 22, 27, 30, 33, 36, 38, 40, 42, 45, 48, 51, 55, 58, 61, 64, 67, 70, 73, 76, 79, 82, 88, 91, 94, 97, 99, 102, 105, 109, 112, 115, 117, 120, 124, 127, 130, 133, 136, 140, 143, 146, 149, 152, 155, 157, 160, 163, 166, 170, 173, 176, 180, 183, 186, 189, 194, 196], [3, 4, 10, 12, 14, 17, 20, 25, 28, 31, 34, 37, 43, 46, 49, 52, 56, 59, 62, 65, 68, 71, 74, 77, 80, 83, 84, 86, 89, 92, 95, 100, 103, 106, 107, 110, 113, 116, 118, 121, 122, 125, 128, 131, 134, 137, 141, 144, 147, 150, 153, 158, 161, 164, 167, 168, 171, 174, 177, 181, 184, 187, 190, 192, 195, 197]]",0,3.487644084,1.2,1036691186,2076196,499.3224077
48,"[[0, 5, 8, 11, 15, 18, 21, 23, 24, 26, 29, 32, 35, 39, 41, 44, 47, 50, 53, 54, 57, 60, 63, 66, 69, 72, 75, 78, 81, 85, 87, 90, 93, 96, 98, 101, 104, 108, 111, 114, 119, 123, 126, 129, 132, 135, 138, 139, 142, 145, 148, 151, 154, 156, 159, 162, 165, 169, 172, 175, 178, 179, 182, 185, 188, 191, 193, 198], [1, 2, 6, 7, 9, 13, 16, 19, 22, 27, 30, 33, 36, 38, 40, 42, 45, 48, 51, 55, 58, 61, 64, 67, 70, 73, 76, 79, 82, 88, 91, 94, 97, 99, 102, 105, 109, 112, 115, 117, 120, 124, 127, 130, 133, 136, 140, 143, 146, 149, 152, 155, 157, 160, 163, 166, 170, 173, 176, 180, 183, 186, 189, 194, 196], [3, 4, 10, 12, 14, 17, 20, 25, 28, 31, 34, 37, 43, 46, 49, 52, 56, 59, 62, 65, 68, 71, 74, 77, 80, 83, 84, 86, 89, 92, 95, 100, 103, 106, 107, 110, 113, 116, 118, 121, 122, 125, 128, 131, 134, 137, 141, 144, 147, 150, 153, 158, 161, 164, 167, 168, 171, 174, 177, 181, 184, 187, 190, 192, 195, 197]]",0,2.243664133,1,1477313136,2076196,711.5480118
49,"[[0, 5, 8, 11, 15, 18, 21, 23, 24, 26, 29, 32, 35, 39, 41, 44, 47, 50, 53, 54, 57, 60, 63, 66, 69, 72, 75, 78, 81, 85, 87, 90, 93, 96, 98, 101, 104, 108, 111, 114, 119, 123, 126, 129, 132, 135, 138, 139, 142, 145, 148, 151, 154, 156, 159, 162, 165, 169, 172, 175, 178, 179, 182, 185, 188, 191, 193, 198], [1, 2, 6, 7, 9, 13, 16, 19, 22, 27, 30, 33, 36, 38, 40, 42, 45, 48, 51, 55, 58, 61, 64, 67, 70, 73, 76, 79, 82, 88, 91, 94, 97, 99, 102, 105, 109, 112, 115, 117, 120, 124, 127, 130, 133, 136, 140, 143, 146, 149, 152, 155, 157, 160, 163, 166, 170, 173, 176, 180, 183, 186, 189, 194, 196], [3, 4, 10, 12, 14, 17, 20, 25, 28, 31, 34, 37, 43, 46, 49, 52, 56, 59, 62, 65, 68, 71, 74, 77, 80, 83, 84, 86, 89, 92, 95, 100, 103, 106, 107, 110, 113, 116, 118, 121, 122, 125, 128, 131, 134, 137, 141, 144, 147, 150, 153, 158, 161, 164, 167, 168, 171, 174, 177, 181, 184, 187, 190, 192, 195, 197]]",1,4.489282123,1.2,1041835896,2076196,501.8003581
50,"[[0, 5, 8, 11, 15, 18, 21, 23, 24, 26, 29, 32, 35, 39, 41, 44, 47, 50, 53, 54, 57, 60, 63, 66, 69, 72, 75, 78, 81, 85, 87, 90, 93, 96, 98, 101, 104, 108, 111, 114, 119, 123, 126, 129, 132, 135, 138, 139, 142, 145, 148, 151, 154, 156, 159, 162, 165, 169, 172, 175, 178, 179, 182, 185, 188, 191, 193, 198], [1, 2, 6, 7, 9, 13, 16, 19, 22, 27, 30, 33, 36, 38, 40, 42, 45, 48, 51, 55, 58, 61, 64, 67, 70, 73, 76, 79, 82, 88, 91, 94, 97, 99, 102, 105, 109, 112, 115, 117, 120, 124, 127, 130, 133, 136, 140, 143, 146, 149, 152, 155, 157, 160, 163, 166, 170, 173, 176, 180, 183, 186, 189, 194, 196], [3, 4, 10, 12, 14, 17, 20, 25, 28, 31, 34, 37, 43, 46, 49, 52, 56, 59, 62, 65, 68, 71, 74, 77, 80, 83, 84, 86, 89, 92, 95, 100, 103, 106, 107, 110, 113, 116, 118, 121, 122, 125, 128, 131, 134, 137, 141, 144, 147, 150, 153, 158, 161, 164, 167, 168, 171, 174, 177, 181, 184, 187, 190, 192, 195, 197]]",2,2.793517829,1.2,1353928841,2076196,652.1199547
51,"[[0, 5, 8, 11, 15, 18, 21, 23, 24, 26, 29, 32, 35, 39, 41, 44, 47, 50, 53, 54, 57, 60, 63, 66, 69, 72, 75, 78, 81, 85, 87, 90, 93, 96, 98, 101, 104, 108, 111, 114, 119, 123, 126, 129, 132, 135, 138, 139, 142, 145, 148, 151, 154, 156, 159, 162, 165, 169, 172, 175, 178, 179, 182, 185, 188, 191, 193, 198], [1, 2, 6, 7, 9, 13, 16, 19, 22, 27, 30, 33, 36, 38, 40, 42, 45, 48, 51, 55, 58, 61, 64, 67, 70, 73, 76, 79, 82, 88, 91, 94, 97, 99, 102, 105, 109, 112, 115, 117, 120, 124, 127, 130, 133, 136, 140, 143, 146, 149, 152, 155, 157, 160, 163, 166, 170, 173, 176, 180, 183, 186, 189, 194, 196], [3, 4, 10, 12, 14, 17, 20, 25, 28, 31, 34, 37, 43, 46, 49, 52, 56, 59, 62, 65, 68, 71, 74, 77, 80, 83, 84, 86, 89, 92, 95, 100, 103, 106, 107, 110, 113, 116, 118, 121, 122, 125, 128, 131, 134, 137, 141, 144, 147, 150, 153, 158, 161, 164, 167, 168, 171, 174, 177, 181, 184, 187, 190, 192, 195, 197]]",10,2.158668893,1,1576758602,2076196,759.4459302
52,"[[0, 5, 8, 11, 15, 18, 21, 23, 24, 26, 29, 32, 35, 39, 41, 44, 47, 50, 53, 54, 57, 60, 63, 66, 69, 72, 75, 78, 81, 85, 87, 90, 93, 96, 98, 101, 104, 108, 111, 114, 119, 123, 126, 129, 132, 135, 138, 139, 142, 145, 148, 151, 154, 156, 159, 162, 165, 169, 172, 175, 178, 179, 182, 185, 188, 191, 193, 198], [1, 2, 6, 7, 9, 13, 16, 19, 22, 27, 30, 33, 36, 38, 40, 42, 45, 48, 51, 55, 58, 61, 64, 67, 70, 73, 76, 79, 82, 88, 91, 94, 97, 99, 102, 105, 109, 112, 115, 117, 120, 124, 127, 130, 133, 136, 140, 143, 146, 149, 152, 155, 157, 160, 163, 166, 170, 173, 176, 180, 183, 186, 189, 194, 196], [3, 4, 10, 12, 14, 17, 20, 25, 28, 31, 34, 37, 43, 46, 49, 52, 56, 59, 62, 65, 68, 71, 74, 77, 80, 83, 84, 86, 89, 92, 95, 100, 103, 106, 107, 110, 113, 116, 118, 121, 122, 125, 128, 131, 134, 137, 141, 144, 147, 150, 153, 158, 161, 164, 167, 168, 171, 174, 177, 181, 184, 187, 190, 192, 195, 197]]",0,2.615298426,1,1439734130,2076196,693.4480801
53,"[[0, 5, 8, 11, 15, 18, 21, 23, 24, 26, 29, 32, 35, 39, 41, 44, 47, 50, 53, 54, 57, 60, 63, 66, 69, 72, 75, 78, 81, 85, 87, 90, 93, 96, 98, 101, 104, 108, 111, 114, 119, 123, 126, 129, 132, 135, 138, 139, 142, 145, 148, 151, 154, 156, 159, 162, 165, 169, 172, 175, 178, 179, 182, 185, 188, 191, 193, 198], [1, 2, 6, 7, 9, 13, 16, 19, 22, 27, 30, 33, 36, 38, 40, 42, 45, 48, 51, 55, 58, 61, 64, 67, 70, 73, 76, 79, 82, 88, 91, 94, 97, 99, 102, 105, 109, 112, 115, 117, 120, 124, 127, 130, 133, 136, 140, 143, 146, 149, 152, 155, 157, 160, 163, 166, 170, 173, 176, 180, 183, 186, 189, 194, 196], [3, 4, 10, 12, 14, 17, 20, 25, 28, 31, 34, 37, 43, 46, 49, 52, 56, 59, 62, 65, 68, 71, 74, 77, 80, 83, 84, 86, 89, 92, 95, 100, 103, 106, 107, 110, 113, 116, 118, 121, 122, 125, 128, 131, 134, 137, 141, 144, 147, 150, 153, 158, 161, 164, 167, 168, 171, 174, 177, 181, 184, 187, 190, 192, 195, 197]]",0,5.409791416,1.5,908238896.8,2076196,437.4533507
54,"[[0, 5, 8, 11, 15, 18, 21, 23, 24, 26, 29, 32, 35, 39, 41, 44, 47, 50, 53, 54, 57, 60, 63, 66, 69, 72, 75, 78, 81, 85, 87, 90, 93, 96, 98, 101, 104, 108, 111, 114, 119, 123, 126, 129, 132, 135, 138, 139, 142, 145, 148, 151, 154, 156, 159, 162, 165, 169, 172, 175, 178, 179, 182, 185, 188, 191, 193, 198], [1, 2, 6, 7, 9, 13, 16, 19, 22, 27, 30, 33, 36, 38, 40, 42, 45, 48, 51, 55, 58, 61, 64, 67, 70, 73, 76, 79, 82, 88, 91, 94, 97, 99, 102, 105, 109, 112, 115, 117, 120, 124, 127, 130, 133, 136, 140, 143, 146, 149, 152, 155, 157, 160, 163, 166, 170, 173, 176, 180, 183, 186, 189, 194, 196], [3, 4, 10, 12, 14, 17, 20, 25, 28, 31, 34, 37, 43, 46, 49, 52, 56, 59, 62, 65, 68, 71, 74, 77, 80, 83, 84, 86, 89, 92, 95, 100, 103, 106, 107, 110, 113, 116, 118, 121, 122, 125, 128, 131, 134, 137, 141, 144, 147, 150, 153, 158, 161, 164, 167, 168, 171, 174, 177, 181, 184, 187, 190, 192, 195, 197]]",0,4.111414069,1.2,1263485188,2076196,608.5577605
55,"[[0, 5, 8, 11, 15, 18, 21, 23, 24, 26, 29, 32, 35, 39, 41, 44, 47, 50, 53, 54, 57, 60, 63, 66, 69, 72, 75, 78, 81, 85, 87, 90, 93, 96, 98, 101, 104, 108, 111, 114, 119, 123, 126, 129, 132, 135, 138, 139, 142, 145, 148, 151, 154, 156, 159, 162, 165, 169, 172, 175, 178, 179, 182, 185, 188, 191, 193, 198], [1, 2, 6, 7, 9, 13, 16, 19, 22, 27, 30, 33, 36, 38, 40, 42, 45, 48, 51, 55, 58, 61, 64, 67, 70, 73, 76, 79, 82, 88, 91, 94, 97, 99, 102, 105, 109, 112, 115, 117, 120, 124, 127, 130, 133, 136, 140, 143, 146, 149, 152, 155, 157, 160, 163, 166, 170, 173, 176, 180, 183, 186, 189, 194, 196], [3, 4, 10, 12, 14, 17, 20, 25, 28, 31, 34, 37, 43, 46, 49, 52, 56, 59, 62, 65, 68, 71, 74, 77, 80, 83, 84, 86, 89, 92, 95, 100, 103, 106, 107, 110, 113, 116, 118, 121, 122, 125, 128, 131, 134, 137, 141, 144, 147, 150, 153, 158, 161, 164, 167, 168, 171, 174, 177, 181, 184, 187, 190, 192, 195, 197]]",4,3.106451553,1.2,1405263839,2076196,676.8454611
56,"[[0, 5, 8, 11, 15, 18, 21, 23, 24, 26, 29, 32, 35, 39, 41, 44, 47, 50, 53, 54, 57, 60, 63, 66, 69, 72, 75, 78, 81, 85, 87, 90, 93, 96, 98, 101, 104, 108, 111, 114, 119, 123, 126, 129, 132, 135, 138, 139, 142, 145, 148, 151, 154, 156, 159, 162, 165, 169, 172, 175, 178, 179, 182, 185, 188, 191, 193, 198], [1, 2, 6, 7, 9, 13, 16, 19, 22, 27, 30, 33, 36, 38, 40, 42, 45, 48, 51, 55, 58, 61, 64, 67, 70, 73, 76, 79, 82, 88, 91, 94, 97, 99, 102, 105, 109, 112, 115, 117, 120, 124, 127, 130, 133, 136, 140, 143, 146, 149, 152, 155, 157, 160, 163, 166, 170, 173, 176, 180, 183, 186, 189, 194, 196], [3, 4, 10, 12, 14, 17, 20, 25, 28, 31, 34, 37, 43, 46, 49, 52, 56, 59, 62, 65, 68, 71, 74, 77, 80, 83, 84, 86, 89, 92, 95, 100, 103, 106, 107, 110, 113, 116, 118, 121, 122, 125, 128, 131, 134, 137, 141, 144, 147, 150, 153, 158, 161, 164, 167, 168, 171, 174, 177, 181, 184, 187, 190, 192, 195, 197]]",0,5.754646797,1.67,1106062714,2076196,532.735211
57,"[[0, 5, 8, 11, 15, 18, 21, 23, 24, 26, 29, 32, 35, 39, 41, 44, 47, 50, 53, 54, 57, 60, 63, 66, 69, 72, 75, 78, 81, 85, 87, 90, 93, 96, 98, 101, 104, 108, 111, 114, 119, 123, 126, 129, 132, 135, 138, 139, 142, 145, 148, 151, 154, 156, 159, 162, 165, 169, 172, 175, 178, 179, 182, 185, 188, 191, 193, 198], [1, 2, 6, 7, 9, 13, 16, 19, 22, 27, 30, 33, 36, 38, 40, 42, 45, 48, 51, 55, 58, 61, 64, 67, 70, 73, 76, 79, 82, 88, 91, 94, 97, 99, 102, 105, 109, 112, 115, 117, 120, 124, 127, 130, 133, 136, 140, 143, 146, 149, 152, 155, 157, 160, 163, 166, 170, 173, 176, 180, 183, 186, 189, 194, 196], [3, 4, 10, 12, 14, 17, 20, 25, 28, 31, 34, 37, 43, 46, 49, 52, 56, 59, 62, 65, 68, 71, 74, 77, 80, 83, 84, 86, 89, 92, 95, 100, 103, 106, 107, 110, 113, 116, 118, 121, 122, 125, 128, 131, 134, 137, 141, 144, 147, 150, 153, 158, 161, 164, 167, 168, 171, 174, 177, 181, 184, 187, 190, 192, 195, 197]]",0,2.591306148,1,1403456174,2076196,675.9747991
58,"[[0, 5, 8, 11, 15, 18, 21, 23, 24, 26, 29, 32, 35, 39, 41, 44, 47, 50, 53, 54, 57, 60, 63, 66, 69, 72, 75, 78, 81, 85, 87, 90, 93, 96, 98, 101, 104, 108, 111, 114, 119, 123, 126, 129, 132, 135, 138, 139, 142, 145, 148, 151, 154, 156, 159, 162, 165, 169, 172, 175, 178, 179, 182, 185, 188, 191, 193, 198], [1, 2, 6, 7, 9, 13, 16, 19, 22, 27, 30, 33, 36, 38, 40, 42, 45, 48, 51, 55, 58, 61, 64, 67, 70, 73, 76, 79, 82, 88, 91, 94, 97, 99, 102, 105, 109, 112, 115, 117, 120, 124, 127, 130, 133, 136, 140, 143, 146, 149, 152, 155, 157, 160, 163, 166, 170, 173, 176, 180, 183, 186, 189, 194, 196], [3, 4, 10, 12, 14, 17, 20, 25, 28, 31, 34, 37, 43, 46, 49, 52, 56, 59, 62, 65, 68, 71, 74, 77, 80, 83, 84, 86, 89, 92, 95, 100, 103, 106, 107, 110, 113, 116, 118, 121, 122, 125, 128, 131, 134, 137, 141, 144, 147, 150, 153, 158, 161, 164, 167, 168, 171, 174, 177, 181, 184, 187, 190, 192, 195, 197]]",2,2.583949708,1,1559904921,2076196,751.3283529
59,"[[0, 5, 8, 11, 15, 18, 21, 23, 24, 26, 29, 32, 35, 39, 41, 44, 47, 50, 53, 54, 57, 60, 63, 66, 69, 72, 75, 78, 81, 85, 87, 90, 93, 96, 98, 101, 104, 108, 111, 114, 119, 123, 126, 129, 132, 135, 138, 139, 142, 145, 148, 151, 154, 156, 159, 162, 165, 169, 172, 175, 178, 179, 182, 185, 188, 191, 193, 198], [1, 2, 6, 7, 9, 13, 16, 19, 22, 27, 30, 33, 36, 38, 40, 42, 45, 48, 51, 55, 58, 61, 64, 67, 70, 73, 76, 79, 82, 88, 91, 94, 97, 99, 102, 105, 109, 112, 115, 117, 120, 124, 127, 130, 133, 136, 140, 143, 146, 149, 152, 155, 157, 160, 163, 166, 170, 173, 176, 180, 183, 186, 189, 194, 196], [3, 4, 10, 12, 14, 17, 20, 25, 28, 31, 34, 37, 43, 46, 49, 52, 56, 59, 62, 65, 68, 71, 74, 77, 80, 83, 84, 86, 89, 92, 95, 100, 103, 106, 107, 110, 113, 116, 118, 121, 122, 125, 128, 131, 134, 137, 141, 144, 147, 150, 153, 158, 161, 164, 167, 168, 171, 174, 177, 181, 184, 187, 190, 192, 195, 197]]",2,2.156851139,1,1616352222,2076196,778.5162005
60,"[[0, 5, 8, 11, 15, 18, 21, 23, 24, 26, 29, 32, 35, 39, 41, 44, 47, 50, 53, 54, 57, 60, 63, 66, 69, 72, 75, 78, 81, 85, 87, 90, 93, 96, 98, 101, 104, 108, 111, 114, 119, 123, 126, 129, 132, 135, 138, 139, 142, 145, 148, 151, 154, 156, 159, 162, 165, 169, 172, 175, 178, 179, 182, 185, 188, 191, 193, 198], [1, 2, 6, 7, 9, 13, 16, 19, 22, 27, 30, 33, 36, 38, 40, 42, 45, 48, 51, 55, 58, 61, 64, 67, 70, 73, 76, 79, 82, 88, 91, 94, 97, 99, 102, 105, 109, 112, 115, 117, 120, 124, 127, 130, 133, 136, 140, 143, 146, 149, 152, 155, 157, 160, 163, 166, 170, 173, 176, 180, 183, 186, 189, 194, 196], [3, 4, 10, 12, 14, 17, 20, 25, 28, 31, 34, 37, 43, 46, 49, 52, 56, 59, 62, 65, 68, 71, 74, 77, 80, 83, 84, 86, 89, 92, 95, 100, 103, 106, 107, 110, 113, 116, 118, 121, 122, 125, 128, 131, 134, 137, 141, 144, 147, 150, 153, 158, 161, 164, 167, 168, 171, 174, 177, 181, 184, 187, 190, 192, 195, 197]]",0,4.072916112,1.2,1232248779,2076196,593.5127411
61,"[[0, 5, 8, 11, 15, 18, 21, 23, 24, 26, 29, 32, 35, 39, 41, 44, 47, 50, 53, 54, 57, 60, 63, 66, 69, 72, 75, 78, 81, 85, 87, 90, 93, 96, 98, 101, 104, 108, 111, 114, 119, 123, 126, 129, 132, 135, 138, 139, 142, 145, 148, 151, 154, 156, 159, 162, 165, 169, 172, 175, 178, 179, 182, 185, 188, 191, 193, 198], [1, 2, 6, 7, 9, 13, 16, 19, 22, 27, 30, 33, 36, 38, 40, 42, 45, 48, 51, 55, 58, 61, 64, 67, 70, 73, 76, 79, 82, 88, 91, 94, 97, 99, 102, 105, 109, 112, 115, 117, 120, 124, 127, 130, 133, 136, 140, 143, 146, 149, 152, 155, 157, 160, 163, 166, 170, 173, 176, 180, 183, 186, 189, 194, 196], [3, 4, 10, 12, 14, 17, 20, 25, 28, 31, 34, 37, 43, 46, 49, 52, 56, 59, 62, 65, 68, 71, 74, 77, 80, 83, 84, 86, 89, 92, 95, 100, 103, 106, 107, 110, 113, 116, 118, 121, 122, 125, 128, 131, 134, 137, 141, 144, 147, 150, 153, 158, 161, 164, 167, 168, 171, 174, 177, 181, 184, 187, 190, 192, 195, 197]]",0,4.236561447,1.2,1038863570,2076196,500.3687371
62,"[[0, 5, 8, 11, 15, 18, 21, 23, 24, 26, 29, 32, 35, 39, 41, 44, 47, 50, 53, 54, 57, 60, 63, 66, 69, 72, 75, 78, 81, 85, 87, 90, 93, 96, 98, 101, 104, 108, 111, 114, 119, 123, 126, 129, 132, 135, 138, 139, 142, 145, 148, 151, 154, 156, 159, 162, 165, 169, 172, 175, 178, 179, 182, 185, 188, 191, 193, 198], [1, 2, 6, 7, 9, 13, 16, 19, 22, 27, 30, 33, 36, 38, 40, 42, 45, 48, 51, 55, 58, 61, 64, 67, 70, 73, 76, 79, 82, 88, 91, 94, 97, 99, 102, 105, 109, 112, 115, 117, 120, 124, 127, 130, 133, 136, 140, 143, 146, 149, 152, 155, 157, 160, 163, 166, 170, 173, 176, 180, 183, 186, 189, 194, 196], [3, 4, 10, 12, 14, 17, 20, 25, 28, 31, 34, 37, 43, 46, 49, 52, 56, 59, 62, 65, 68, 71, 74, 77, 80, 83, 84, 86, 89, 92, 95, 100, 103, 106, 107, 110, 113, 116, 118, 121, 122, 125, 128, 131, 134, 137, 141, 144, 147, 150, 153, 158, 161, 164, 167, 168, 171, 174, 177, 181, 184, 187, 190, 192, 195, 197]]",7,6.316778976,1.67,1016559989,2076196,489.6262151
63,"[[0, 5, 8, 11, 15, 18, 21, 23, 24, 26, 29, 32, 35, 39, 41, 44, 47, 50, 53, 54, 57, 60, 63, 66, 69, 72, 75, 78, 81, 85, 87, 90, 93, 96, 98, 101, 104, 108, 111, 114, 119, 123, 126, 129, 132, 135, 138, 139, 142, 145, 148, 151, 154, 156, 159, 162, 165, 169, 172, 175, 178, 179, 182, 185, 188, 191, 193, 198], [1, 2, 6, 7, 9, 13, 16, 19, 22, 27, 30, 33, 36, 38, 40, 42, 45, 48, 51, 55, 58, 61, 64, 67, 70, 73, 76, 79, 82, 88, 91, 94, 97, 99, 102, 105, 109, 112, 115, 117, 120, 124, 127, 130, 133, 136, 140, 143, 146, 149, 152, 155, 157, 160, 163, 166, 170, 173, 176, 180, 183, 186, 189, 194, 196], [3, 4, 10, 12, 14, 17, 20, 25, 28, 31, 34, 37, 43, 46, 49, 52, 56, 59, 62, 65, 68, 71, 74, 77, 80, 83, 84, 86, 89, 92, 95, 100, 103, 106, 107, 110, 113, 116, 118, 121, 122, 125, 128, 131, 134, 137, 141, 144, 147, 150, 153, 158, 161, 164, 167, 168, 171, 174, 177, 181, 184, 187, 190, 192, 195, 197]]",3,2.762478307,1.2,1509069044,2076196,726.8432481
64,"[[0, 5, 8, 11, 15, 18, 21, 23, 24, 26, 29, 32, 35, 39, 41, 44, 47, 50, 53, 54, 57, 60, 63, 66, 69, 72, 75, 78, 81, 85, 87, 90, 93, 96, 98, 101, 104, 108, 111, 114, 119, 123, 126, 129, 132, 135, 138, 139, 142, 145, 148, 151, 154, 156, 159, 162, 165, 169, 172, 175, 178, 179, 182, 185, 188, 191, 193, 198], [1, 2, 6, 7, 9, 13, 16, 19, 22, 27, 30, 33, 36, 38, 40, 42, 45, 48, 51, 55, 58, 61, 64, 67, 70, 73, 76, 79, 82, 88, 91, 94, 97, 99, 102, 105, 109, 112, 115, 117, 120, 124, 127, 130, 133, 136, 140, 143, 146, 149, 152, 155, 157, 160, 163, 166, 170, 173, 176, 180, 183, 186, 189, 194, 196], [3, 4, 10, 12, 14, 17, 20, 25, 28, 31, 34, 37, 43, 46, 49, 52, 56, 59, 62, 65, 68, 71, 74, 77, 80, 83, 84, 86, 89, 92, 95, 100, 103, 106, 107, 110, 113, 116, 118, 121, 122, 125, 128, 131, 134, 137, 141, 144, 147, 150, 153, 158, 161, 164, 167, 168, 171, 174, 177, 181, 184, 187, 190, 192, 195, 197]]",0,5.08699186,1.5,1022632999,2076196,492.5512808
65,"[[0, 5, 8, 11, 15, 18, 21, 23, 24, 26, 29, 32, 35, 39, 41, 44, 47, 50, 53, 54, 57, 60, 63, 66, 69, 72, 75, 78, 81, 85, 87, 90, 93, 96, 98, 101, 104, 108, 111, 114, 119, 123, 126, 129, 132, 135, 138, 139, 142, 145, 148, 151, 154, 156, 159, 162, 165, 169, 172, 175, 178, 179, 182, 185, 188, 191, 193, 198], [1, 2, 6, 7, 9, 13, 16, 19, 22, 27, 30, 33, 36, 38, 40, 42, 45, 48, 51, 55, 58, 61, 64, 67, 70, 73, 76, 79, 82, 88, 91, 94, 97, 99, 102, 105, 109, 112, 115, 117, 120, 124, 127, 130, 133, 136, 140, 143, 146, 149, 152, 155, 157, 160, 163, 166, 170, 173, 176, 180, 183, 186, 189, 194, 196], [3, 4, 10, 12, 14, 17, 20, 25, 28, 31, 34, 37, 43, 46, 49, 52, 56, 59, 62, 65, 68, 71, 74, 77, 80, 83, 84, 86, 89, 92, 95, 100, 103, 106, 107, 110, 113, 116, 118, 121, 122, 125, 128, 131, 134, 137, 141, 144, 147, 150, 153, 158, 161, 164, 167, 168, 171, 174, 177, 181, 184, 187, 190, 192, 195, 197]]",0,3.006009085,1.2,1294721348,2076196,623.6026596
66,"[[0, 5, 8, 11, 15, 18, 21, 23, 24, 26, 29, 32, 35, 39, 41, 44, 47, 50, 53, 54, 57, 60, 63, 66, 69, 72, 75, 78, 81, 85, 87, 90, 93, 96, 98, 101, 104, 108, 111, 114, 119, 123, 126, 129, 132, 135, 138, 139, 142, 145, 148, 151, 154, 156, 159, 162, 165, 169, 172, 175, 178, 179, 182, 185, 188, 191, 193, 198], [1, 2, 6, 7, 9, 13, 16, 19, 22, 27, 30, 33, 36, 38, 40, 42, 45, 48, 51, 55, 58, 61, 64, 67, 70, 73, 76, 79, 82, 88, 91, 94, 97, 99, 102, 105, 109, 112, 115, 117, 120, 124, 127, 130, 133, 136, 140, 143, 146, 149, 152, 155, 157, 160, 163, 166, 170, 173, 176, 180, 183, 186, 189, 194, 196], [3, 4, 10, 12, 14, 17, 20, 25, 28, 31, 34, 37, 43, 46, 49, 52, 56, 59, 62, 65, 68, 71, 74, 77, 80, 83, 84, 86, 89, 92, 95, 100, 103, 106, 107, 110, 113, 116, 118, 121, 122, 125, 128, 131, 134, 137, 141, 144, 147, 150, 153, 158, 161, 164, 167, 168, 171, 174, 177, 181, 184, 187, 190, 192, 195, 197]]",1,3.537840327,1.2,1052467097,2076196,506.9208769
67,"[[0, 5, 8, 11, 15, 18, 21, 23, 24, 26, 29, 32, 35, 39, 41, 44, 47, 50, 53, 54, 57, 60, 63, 66, 69, 72, 75, 78, 81, 85, 87, 90, 93, 96, 98, 101, 104, 108, 111, 114, 119, 123, 126, 129, 132, 135, 138, 139, 142, 145, 148, 151, 154, 156, 159, 162, 165, 169, 172, 175, 178, 179, 182, 185, 188, 191, 193, 198], [1, 2, 6, 7, 9, 13, 16, 19, 22, 27, 30, 33, 36, 38, 40, 42, 45, 48, 51, 55, 58, 61, 64, 67, 70, 73, 76, 79, 82, 88, 91, 94, 97, 99, 102, 105, 109, 112, 115, 117, 120, 124, 127, 130, 133, 136, 140, 143, 146, 149, 152, 155, 157, 160, 163, 166, 170, 173, 176, 180, 183, 186, 189, 194, 196], [3, 4, 10, 12, 14, 17, 20, 25, 28, 31, 34, 37, 43, 46, 49, 52, 56, 59, 62, 65, 68, 71, 74, 77, 80, 83, 84, 86, 89, 92, 95, 100, 103, 106, 107, 110, 113, 116, 118, 121, 122, 125, 128, 131, 134, 137, 141, 144, 147, 150, 153, 158, 161, 164, 167, 168, 171, 174, 177, 181, 184, 187, 190, 192, 195, 197]]",2,2.0931199,1,1505839357,2076196,725.2876689
68,"[[0, 5, 8, 11, 15, 18, 21, 23, 24, 26, 29, 32, 35, 39, 41, 44, 47, 50, 53, 54, 57, 60, 63, 66, 69, 72, 75, 78, 81, 85, 87, 90, 93, 96, 98, 101, 104, 108, 111, 114, 119, 123, 126, 129, 132, 135, 138, 139, 142, 145, 148, 151, 154, 156, 159, 162, 165, 169, 172, 175, 178, 179, 182, 185, 188, 191, 193, 198], [1, 2, 6, 7, 9, 13, 16, 19, 22, 27, 30, 33, 36, 38, 40, 42, 45, 48, 51, 55, 58, 61, 64, 67, 70, 73, 76, 79, 82, 88, 91, 94, 97, 99, 102, 105, 109, 112, 115, 117, 120, 124, 127, 130, 133, 136, 140, 143, 146, 149, 152, 155, 157, 160, 163, 166, 170, 173, 176, 180, 183, 186, 189, 194, 196], [3, 4, 10, 12, 14, 17, 20, 25, 28, 31, 34, 37, 43, 46, 49, 52, 56, 59, 62, 65, 68, 71, 74, 77, 80, 83, 84, 86, 89, 92, 95, 100, 103, 106, 107, 110, 113, 116, 118, 121, 122, 125, 128, 131, 134, 137, 141, 144, 147, 150, 153, 158, 161, 164, 167, 168, 171, 174, 177, 181, 184, 187, 190, 192, 195, 197]]",11,2.490276891,1,1538445428,2076196,740.9923862
69,"[[0, 5, 8, 11, 15, 18, 21, 23, 24, 26, 29, 32, 35, 39, 41, 44, 47, 50, 53, 54, 57, 60, 63, 66, 69, 72, 75, 78, 81, 85, 87, 90, 93, 96, 98, 101, 104, 108, 111, 114, 119, 123, 126, 129, 132, 135, 138, 139, 142, 145, 148, 151, 154, 156, 159, 162, 165, 169, 172, 175, 178, 179, 182, 185, 188, 191, 193, 198], [1, 2, 6, 7, 9, 13, 16, 19, 22, 27, 30, 33, 36, 38, 40, 42, 45, 48, 51, 55, 58, 61, 64, 67, 70, 73, 76, 79, 82, 88, 91, 94, 97, 99, 102, 105, 109, 112, 115, 117, 120, 124, 127, 130, 133, 136, 140, 143, 146, 149, 152, 155, 157, 160, 163, 166, 170, 173, 176, 180, 183, 186, 189, 194, 196], [3, 4, 10, 12, 14, 17, 20, 25, 28, 31, 34, 37, 43, 46, 49, 52, 56, 59, 62, 65, 68, 71, 74, 77, 80, 83, 84, 86, 89, 92, 95, 100, 103, 106, 107, 110, 113, 116, 118, 121, 122, 125, 128, 131, 134, 137, 141, 144, 147, 150, 153, 158, 161, 164, 167, 168, 171, 174, 177, 181, 184, 187, 190, 192, 195, 197]]",4,3.009632848,1.2,1356130829,2076196,653.1805422
70,"[[0, 5, 8, 11, 15, 18, 21, 23, 24, 26, 29, 32, 35, 39, 41, 44, 47, 50, 53, 54, 57, 60, 63, 66, 69, 72, 75, 78, 81, 85, 87, 90, 93, 96, 98, 101, 104, 108, 111, 114, 119, 123, 126, 129, 132, 135, 138, 139, 142, 145, 148, 151, 154, 156, 159, 162, 165, 169, 172, 175, 178, 179, 182, 185, 188, 191, 193, 198], [1, 2, 6, 7, 9, 13, 16, 19, 22, 27, 30, 33, 36, 38, 40, 42, 45, 48, 51, 55, 58, 61, 64, 67, 70, 73, 76, 79, 82, 88, 91, 94, 97, 99, 102, 105, 109, 112, 115, 117, 120, 124, 127, 130, 133, 136, 140, 143, 146, 149, 152, 155, 157, 160, 163, 166, 170, 173, 176, 180, 183, 186, 189, 194, 196], [3, 4, 10, 12, 14, 17, 20, 25, 28, 31, 34, 37, 43, 46, 49, 52, 56, 59, 62, 65, 68, 71, 74, 77, 80, 83, 84, 86, 89, 92, 95, 100, 103, 106, 107, 110, 113, 116, 118, 121, 122, 125, 128, 131, 134, 137, 141, 144, 147, 150, 153, 158, 161, 164, 167, 168, 171, 174, 177, 181, 184, 187, 190, 192, 195, 197]]",0,2.332180244,1,1540045919,2076196,741.7632627
71,"[[0, 5, 8, 11, 15, 18, 21, 23, 24, 26, 29, 32, 35, 39, 41, 44, 47, 50, 53, 54, 57, 60, 63, 66, 69, 72, 75, 78, 81, 85, 87, 90, 93, 96, 98, 101, 104, 108, 111, 114, 119, 123, 126, 129, 132, 135, 138, 139, 142, 145, 148, 151, 154, 156, 159, 162, 165, 169, 172, 175, 178, 179, 182, 185, 188, 191, 193, 198], [1, 2, 6, 7, 9, 13, 16, 19, 22, 27, 30, 33, 36, 38, 40, 42, 45, 48, 51, 55, 58, 61, 64, 67, 70, 73, 76, 79, 82, 88, 91, 94, 97, 99, 102, 105, 109, 112, 115, 117, 120, 124, 127, 130, 133, 136, 140, 143, 146, 149, 152, 155, 157, 160, 163, 166, 170, 173, 176, 180, 183, 186, 189, 194, 196], [3, 4, 10, 12, 14, 17, 20, 25, 28, 31, 34, 37, 43, 46, 49, 52, 56, 59, 62, 65, 68, 71, 74, 77, 80, 83, 84, 86, 89, 92, 95, 100, 103, 106, 107, 110, 113, 116, 118, 121, 122, 125, 128, 131, 134, 137, 141, 144, 147, 150, 153, 158, 161, 164, 167, 168, 171, 174, 177, 181, 184, 187, 190, 192, 195, 197]]",3,2.440568111,1,1519679384,2076196,731.9537193
72,"[[0, 5, 8, 11, 15, 18, 21, 23, 24, 26, 29, 32, 35, 39, 41, 44, 47, 50, 53, 54, 57, 60, 63, 66, 69, 72, 75, 78, 81, 85, 87, 90, 93, 96, 98, 101, 104, 108, 111, 114, 119, 123, 126, 129, 132, 135, 138, 139, 142, 145, 148, 151, 154, 156, 159, 162, 165, 169, 172, 175, 178, 179, 182, 185, 188, 191, 193, 198], [1, 2, 6, 7, 9, 13, 16, 19, 22, 27, 30, 33, 36, 38, 40, 42, 45, 48, 51, 55, 58, 61, 64, 67, 70, 73, 76, 79, 82, 88, 91, 94, 97, 99, 102, 105, 109, 112, 115, 117, 120, 124, 127, 130, 133, 136, 140, 143, 146, 149, 152, 155, 157, 160, 163, 166, 170, 173, 176, 180, 183, 186, 189, 194, 196], [3, 4, 10, 12, 14, 17, 20, 25, 28, 31, 34, 37, 43, 46, 49, 52, 56, 59, 62, 65, 68, 71, 74, 77, 80, 83, 84, 86, 89, 92, 95, 100, 103, 106, 107, 110, 113, 116, 118, 121, 122, 125, 128, 131, 134, 137, 141, 144, 147, 150, 153, 158, 161, 164, 167, 168, 171, 174, 177, 181, 184, 187, 190, 192, 195, 197]]",1,4.020439043,1.2,1046504527,2076196,504.0490046
73,"[[0, 5, 8, 11, 15, 18, 21, 23, 24, 26, 29, 32, 35, 39, 41, 44, 47, 50, 53, 54, 57, 60, 63, 66, 69, 72, 75, 78, 81, 85, 87, 90, 93, 96, 98, 101, 104, 108, 111, 114, 119, 123, 126, 129, 132, 135, 138, 139, 142, 145, 148, 151, 154, 156, 159, 162, 165, 169, 172, 175, 178, 179, 182, 185, 188, 191, 193, 198], [1, 2, 6, 7, 9, 13, 16, 19, 22, 27, 30, 33, 36, 38, 40, 42, 45, 48, 51, 55, 58, 61, 64, 67, 70, 73, 76, 79, 82, 88, 91, 94, 97, 99, 102, 105, 109, 112, 115, 117, 120, 124, 127, 130, 133, 136, 140, 143, 146, 149, 152, 155, 157, 160, 163, 166, 170, 173, 176, 180, 183, 186, 189, 194, 196], [3, 4, 10, 12, 14, 17, 20, 25, 28, 31, 34, 37, 43, 46, 49, 52, 56, 59, 62, 65, 68, 71, 74, 77, 80, 83, 84, 86, 89, 92, 95, 100, 103, 106, 107, 110, 113, 116, 118, 121, 122, 125, 128, 131, 134, 137, 141, 144, 147, 150, 153, 158, 161, 164, 167, 168, 171, 174, 177, 181, 184, 187, 190, 192, 195, 197]]",1,2.233506807,1,1571935043,2076196,757.1226623
74,"[[0, 5, 8, 11, 15, 18, 21, 23, 24, 26, 29, 32, 35, 39, 41, 44, 47, 50, 53, 54, 57, 60, 63, 66, 69, 72, 75, 78, 81, 85, 87, 90, 93, 96, 98, 101, 104, 108, 111, 114, 119, 123, 126, 129, 132, 135, 138, 139, 142, 145, 148, 151, 154, 156, 159, 162, 165, 169, 172, 175, 178, 179, 182, 185, 188, 191, 193, 198], [1, 2, 6, 7, 9, 13, 16, 19, 22, 27, 30, 33, 36, 38, 40, 42, 45, 48, 51, 55, 58, 61, 64, 67, 70, 73, 76, 79, 82, 88, 91, 94, 97, 99, 102, 105, 109, 112, 115, 117, 120, 124, 127, 130, 133, 136, 140, 143, 146, 149, 152, 155, 157, 160, 163, 166, 170, 173, 176, 180, 183, 186, 189, 194, 196], [3, 4, 10, 12, 14, 17, 20, 25, 28, 31, 34, 37, 43, 46, 49, 52, 56, 59, 62, 65, 68, 71, 74, 77, 80, 83, 84, 86, 89, 92, 95, 100, 103, 106, 107, 110, 113, 116, 118, 121, 122, 125, 128, 131, 134, 137, 141, 144, 147, 150, 153, 158, 161, 164, 167, 168, 171, 174, 177, 181, 184, 187, 190, 192, 195, 197]]",2,2.28136449,1,1532821857,2076196,738.2837925
75,"[[0, 5, 8, 11, 15, 18, 21, 23, 24, 26, 29, 32, 35, 39, 41, 44, 47, 50, 53, 54, 57, 60, 63, 66, 69, 72, 75, 78, 81, 85, 87, 90, 93, 96, 98, 101, 104, 108, 111, 114, 119, 123, 126, 129, 132, 135, 138, 139, 142, 145, 148, 151, 154, 156, 159, 162, 165, 169, 172, 175, 178, 179, 182, 185, 188, 191, 193, 198], [1, 2, 6, 7, 9, 13, 16, 19, 22, 27, 30, 33, 36, 38, 40, 42, 45, 48, 51, 55, 58, 61, 64, 67, 70, 73, 76, 79, 82, 88, 91, 94, 97, 99, 102, 105, 109, 112, 115, 117, 120, 124, 127, 130, 133, 136, 140, 143, 146, 149, 152, 155, 157, 160, 163, 166, 170, 173, 176, 180, 183, 186, 189, 194, 196], [3, 4, 10, 12, 14, 17, 20, 25, 28, 31, 34, 37, 43, 46, 49, 52, 56, 59, 62, 65, 68, 71, 74, 77, 80, 83, 84, 86, 89, 92, 95, 100, 103, 106, 107, 110, 113, 116, 118, 121, 122, 125, 128, 131, 134, 137, 141, 144, 147, 150, 153, 158, 161, 164, 167, 168, 171, 174, 177, 181, 184, 187, 190, 192, 195, 197]]",3,2.56688765,1,1466679911,2076196,706.4265178
76,"[[0, 5, 8, 11, 15, 18, 21, 23, 24, 26, 29, 32, 35, 39, 41, 44, 47, 50, 53, 54, 57, 60, 63, 66, 69, 72, 75, 78, 81, 85, 87, 90, 93, 96, 98, 101, 104, 108, 111, 114, 119, 123, 126, 129, 132, 135, 138, 139, 142, 145, 148, 151, 154, 156, 159, 162, 165, 169, 172, 175, 178, 179, 182, 185, 188, 191, 193, 198], [1, 2, 6, 7, 9, 13, 16, 19, 22, 27, 30, 33, 36, 38, 40, 42, 45, 48, 51, 55, 58, 61, 64, 67, 70, 73, 76, 79, 82, 88, 91, 94, 97, 99, 102, 105, 109, 112, 115, 117, 120, 124, 127, 130, 133, 136, 140, 143, 146, 149, 152, 155, 157, 160, 163, 166, 170, 173, 176, 180, 183, 186, 189, 194, 196], [3, 4, 10, 12, 14, 17, 20, 25, 28, 31, 34, 37, 43, 46, 49, 52, 56, 59, 62, 65, 68, 71, 74, 77, 80, 83, 84, 86, 89, 92, 95, 100, 103, 106, 107, 110, 113, 116, 118, 121, 122, 125, 128, 131, 134, 137, 141, 144, 147, 150, 153, 158, 161, 164, 167, 168, 171, 174, 177, 181, 184, 187, 190, 192, 195, 197]]",0,4.064953727,1.2,1159498993,2076196,558.4727997
77,"[[0, 5, 8, 11, 15, 18, 21, 23, 24, 26, 29, 32, 35, 39, 41, 44, 47, 50, 53, 54, 57, 60, 63, 66, 69, 72, 75, 78, 81, 85, 87, 90, 93, 96, 98, 101, 104, 108, 111, 114, 119, 123, 126, 129, 132, 135, 138, 139, 142, 145, 148, 151, 154, 156, 159, 162, 165, 169, 172, 175, 178, 179, 182, 185, 188, 191, 193, 198], [1, 2, 6, 7, 9, 13, 16, 19, 22, 27, 30, 33, 36, 38, 40, 42, 45, 48, 51, 55, 58, 61, 64, 67, 70, 73, 76, 79, 82, 88, 91, 94, 97, 99, 102, 105, 109, 112, 115, 117, 120, 124, 127, 130, 133, 136, 140, 143, 146, 149, 152, 155, 157, 160, 163, 166, 170, 173, 176, 180, 183, 186, 189, 194, 196], [3, 4, 10, 12, 14, 17, 20, 25, 28, 31, 34, 37, 43, 46, 49, 52, 56, 59, 62, 65, 68, 71, 74, 77, 80, 83, 84, 86, 89, 92, 95, 100, 103, 106, 107, 110, 113, 116, 118, 121, 122, 125, 128, 131, 134, 137, 141, 144, 147, 150, 153, 158, 161, 164, 167, 168, 171, 174, 177, 181, 184, 187, 190, 192, 195, 197]]",10,6.143156134,1.67,1100333185,2076196,529.9755827
78,"[[0, 5, 8, 11, 15, 18, 21, 23, 24, 26, 29, 32, 35, 39, 41, 44, 47, 50, 53, 54, 57, 60, 63, 66, 69, 72, 75, 78, 81, 85, 87, 90, 93, 96, 98, 101, 104, 108, 111, 114, 119, 123, 126, 129, 132, 135, 138, 139, 142, 145, 148, 151, 154, 156, 159, 162, 165, 169, 172, 175, 178, 179, 182, 185, 188, 191, 193, 198], [1, 2, 6, 7, 9, 13, 16, 19, 22, 27, 30, 33, 36, 38, 40, 42, 45, 48, 51, 55, 58, 61, 64, 67, 70, 73, 76, 79, 82, 88, 91, 94, 97, 99, 102, 105, 109, 112, 115, 117, 120, 124, 127, 130, 133, 136, 140, 143, 146, 149, 152, 155, 157, 160, 163, 166, 170, 173, 176, 180, 183, 186, 189, 194, 196], [3, 4, 10, 12, 14, 17, 20, 25, 28, 31, 34, 37, 43, 46, 49, 52, 56, 59, 62, 65, 68, 71, 74, 77, 80, 83, 84, 86, 89, 92, 95, 100, 103, 106, 107, 110, 113, 116, 118, 121, 122, 125, 128, 131, 134, 137, 141, 144, 147, 150, 153, 158, 161, 164, 167, 168, 171, 174, 177, 181, 184, 187, 190, 192, 195, 197]]",0,6.012238725,1.67,395153847.4,2076196,190.325888
79,"[[0, 5, 8, 11, 15, 18, 21, 23, 24, 26, 29, 32, 35, 39, 41, 44, 47, 50, 53, 54, 57, 60, 63, 66, 69, 72, 75, 78, 81, 85, 87, 90, 93, 96, 98, 101, 104, 108, 111, 114, 119, 123, 126, 129, 132, 135, 138, 139, 142, 145, 148, 151, 154, 156, 159, 162, 165, 169, 172, 175, 178, 179, 182, 185, 188, 191, 193, 198], [1, 2, 6, 7, 9, 13, 16, 19, 22, 27, 30, 33, 36, 38, 40, 42, 45, 48, 51, 55, 58, 61, 64, 67, 70, 73, 76, 79, 82, 88, 91, 94, 97, 99, 102, 105, 109, 112, 115, 117, 120, 124, 127, 130, 133, 136, 140, 143, 146, 149, 152, 155, 157, 160, 163, 166, 170, 173, 176, 180, 183, 186, 189, 194, 196], [3, 4, 10, 12, 14, 17, 20, 25, 28, 31, 34, 37, 43, 46, 49, 52, 56, 59, 62, 65, 68, 71, 74, 77, 80, 83, 84, 86, 89, 92, 95, 100, 103, 106, 107, 110, 113, 116, 118, 121, 122, 125, 128, 131, 134, 137, 141, 144, 147, 150, 153, 158, 161, 164, 167, 168, 171, 174, 177, 181, 184, 187, 190, 192, 195, 197]]",2,2.331542827,1,1524533533,2076196,734.2917205
80,"[[0, 5, 8, 11, 15, 18, 21, 23, 24, 26, 29, 32, 35, 39, 41, 44, 47, 50, 53, 54, 57, 60, 63, 66, 69, 72, 75, 78, 81, 85, 87, 90, 93, 96, 98, 101, 104, 108, 111, 114, 119, 123, 126, 129, 132, 135, 138, 139, 142, 145, 148, 151, 154, 156, 159, 162, 165, 169, 172, 175, 178, 179, 182, 185, 188, 191, 193, 198], [1, 2, 6, 7, 9, 13, 16, 19, 22, 27, 30, 33, 36, 38, 40, 42, 45, 48, 51, 55, 58, 61, 64, 67, 70, 73, 76, 79, 82, 88, 91, 94, 97, 99, 102, 105, 109, 112, 115, 117, 120, 124, 127, 130, 133, 136, 140, 143, 146, 149, 152, 155, 157, 160, 163, 166, 170, 173, 176, 180, 183, 186, 189, 194, 196], [3, 4, 10, 12, 14, 17, 20, 25, 28, 31, 34, 37, 43, 46, 49, 52, 56, 59, 62, 65, 68, 71, 74, 77, 80, 83, 84, 86, 89, 92, 95, 100, 103, 106, 107, 110, 113, 116, 118, 121, 122, 125, 128, 131, 134, 137, 141, 144, 147, 150, 153, 158, 161, 164, 167, 168, 171, 174, 177, 181, 184, 187, 190, 192, 195, 197]]",8,2.338092432,1,1501390314,2076196,723.1447871
81,"[[0, 5, 8, 11, 15, 18, 21, 23, 24, 26, 29, 32, 35, 39, 41, 44, 47, 50, 53, 54, 57, 60, 63, 66, 69, 72, 75, 78, 81, 85, 87, 90, 93, 96, 98, 101, 104, 108, 111, 114, 119, 123, 126, 129, 132, 135, 138, 139, 142, 145, 148, 151, 154, 156, 159, 162, 165, 169, 172, 175, 178, 179, 182, 185, 188, 191, 193, 198], [1, 2, 6, 7, 9, 13, 16, 19, 22, 27, 30, 33, 36, 38, 40, 42, 45, 48, 51, 55, 58, 61, 64, 67, 70, 73, 76, 79, 82, 88, 91, 94, 97, 99, 102, 105, 109, 112, 115, 117, 120, 124, 127, 130, 133, 136, 140, 143, 146, 149, 152, 155, 157, 160, 163, 166, 170, 173, 176, 180, 183, 186, 189, 194, 196], [3, 4, 10, 12, 14, 17, 20, 25, 28, 31, 34, 37, 43, 46, 49, 52, 56, 59, 62, 65, 68, 71, 74, 77, 80, 83, 84, 86, 89, 92, 95, 100, 103, 106, 107, 110, 113, 116, 118, 121, 122, 125, 128, 131, 134, 137, 141, 144, 147, 150, 153, 158, 161, 164, 167, 168, 171, 174, 177, 181, 184, 187, 190, 192, 195, 197]]",2,3.915994389,1.2,968472286.7,2076196,466.4647686
82,"[[0, 5, 8, 11, 15, 18, 21, 23, 24, 26, 29, 32, 35, 39, 41, 44, 47, 50, 53, 54, 57, 60, 63, 66, 69, 72, 75, 78, 81, 85, 87, 90, 93, 96, 98, 101, 104, 108, 111, 114, 119, 123, 126, 129, 132, 135, 138, 139, 142, 145, 148, 151, 154, 156, 159, 162, 165, 169, 172, 175, 178, 179, 182, 185, 188, 191, 193, 198], [1, 2, 6, 7, 9, 13, 16, 19, 22, 27, 30, 33, 36, 38, 40, 42, 45, 48, 51, 55, 58, 61, 64, 67, 70, 73, 76, 79, 82, 88, 91, 94, 97, 99, 102, 105, 109, 112, 115, 117, 120, 124, 127, 130, 133, 136, 140, 143, 146, 149, 152, 155, 157, 160, 163, 166, 170, 173, 176, 180, 183, 186, 189, 194, 196], [3, 4, 10, 12, 14, 17, 20, 25, 28, 31, 34, 37, 43, 46, 49, 52, 56, 59, 62, 65, 68, 71, 74, 77, 80, 83, 84, 86, 89, 92, 95, 100, 103, 106, 107, 110, 113, 116, 118, 121, 122, 125, 128, 131, 134, 137, 141, 144, 147, 150, 153, 158, 161, 164, 167, 168, 171, 174, 177, 181, 184, 187, 190, 192, 195, 197]]",0,2.412174169,1,1589396754,2076196,765.5330971
83,"[[0, 5, 8, 11, 15, 18, 21, 23, 24, 26, 29, 32, 35, 39, 41, 44, 47, 50, 53, 54, 57, 60, 63, 66, 69, 72, 75, 78, 81, 85, 87, 90, 93, 96, 98, 101, 104, 108, 111, 114, 119, 123, 126, 129, 132, 135, 138, 139, 142, 145, 148, 151, 154, 156, 159, 162, 165, 169, 172, 175, 178, 179, 182, 185, 188, 191, 193, 198], [1, 2, 6, 7, 9, 13, 16, 19, 22, 27, 30, 33, 36, 38, 40, 42, 45, 48, 51, 55, 58, 61, 64, 67, 70, 73, 76, 79, 82, 88, 91, 94, 97, 99, 102, 105, 109, 112, 115, 117, 120, 124, 127, 130, 133, 136, 140, 143, 146, 149, 152, 155, 157, 160, 163, 166, 170, 173, 176, 180, 183, 186, 189, 194, 196], [3, 4, 10, 12, 14, 17, 20, 25, 28, 31, 34, 37, 43, 46, 49, 52, 56, 59, 62, 65, 68, 71, 74, 77, 80, 83, 84, 86, 89, 92, 95, 100, 103, 106, 107, 110, 113, 116, 118, 121, 122, 125, 128, 131, 134, 137, 141, 144, 147, 150, 153, 158, 161, 164, 167, 168, 171, 174, 177, 181, 184, 187, 190, 192, 195, 197]]",0,2.24827393,1,1592917383,2076196,767.2288085
84,"[[0, 5, 8, 11, 15, 18, 21, 23, 24, 26, 29, 32, 35, 39, 41, 44, 47, 50, 53, 54, 57, 60, 63, 66, 69, 72, 75, 78, 81, 85, 87, 90, 93, 96, 98, 101, 104, 108, 111, 114, 119, 123, 126, 129, 132, 135, 138, 139, 142, 145, 148, 151, 154, 156, 159, 162, 165, 169, 172, 175, 178, 179, 182, 185, 188, 191, 193, 198], [1, 2, 6, 7, 9, 13, 16, 19, 22, 27, 30, 33, 36, 38, 40, 42, 45, 48, 51, 55, 58, 61, 64, 67, 70, 73, 76, 79, 82, 88, 91, 94, 97, 99, 102, 105, 109, 112, 115, 117, 120, 124, 127, 130, 133, 136, 140, 143, 146, 149, 152, 155, 157, 160, 163, 166, 170, 173, 176, 180, 183, 186, 189, 194, 196], [3, 4, 10, 12, 14, 17, 20, 25, 28, 31, 34, 37, 43, 46, 49, 52, 56, 59, 62, 65, 68, 71, 74, 77, 80, 83, 84, 86, 89, 92, 95, 100, 103, 106, 107, 110, 113, 116, 118, 121, 122, 125, 128, 131, 134, 137, 141, 144, 147, 150, 153, 158, 161, 164, 167, 168, 171, 174, 177, 181, 184, 187, 190, 192, 195, 197]]",0,5.683088283,1.67,415121724.6,2076196,199.943418
85,"[[0, 5, 8, 11, 15, 18, 21, 23, 24, 26, 29, 32, 35, 39, 41, 44, 47, 50, 53, 54, 57, 60, 63, 66, 69, 72, 75, 78, 81, 85, 87, 90, 93, 96, 98, 101, 104, 108, 111, 114, 119, 123, 126, 129, 132, 135, 138, 139, 142, 145, 148, 151, 154, 156, 159, 162, 165, 169, 172, 175, 178, 179, 182, 185, 188, 191, 193, 198], [1, 2, 6, 7, 9, 13, 16, 19, 22, 27, 30, 33, 36, 38, 40, 42, 45, 48, 51, 55, 58, 61, 64, 67, 70, 73, 76, 79, 82, 88, 91, 94, 97, 99, 102, 105, 109, 112, 115, 117, 120, 124, 127, 130, 133, 136, 140, 143, 146, 149, 152, 155, 157, 160, 163, 166, 170, 173, 176, 180, 183, 186, 189, 194, 196], [3, 4, 10, 12, 14, 17, 20, 25, 28, 31, 34, 37, 43, 46, 49, 52, 56, 59, 62, 65, 68, 71, 74, 77, 80, 83, 84, 86, 89, 92, 95, 100, 103, 106, 107, 110, 113, 116, 118, 121, 122, 125, 128, 131, 134, 137, 141, 144, 147, 150, 153, 158, 161, 164, 167, 168, 171, 174, 177, 181, 184, 187, 190, 192, 195, 197]]",0,3.855895906,1.2,1136615084,2076196,547.4507627
86,"[[0, 5, 8, 11, 15, 18, 21, 23, 24, 26, 29, 32, 35, 39, 41, 44, 47, 50, 53, 54, 57, 60, 63, 66, 69, 72, 75, 78, 81, 85, 87, 90, 93, 96, 98, 101, 104, 108, 111, 114, 119, 123, 126, 129, 132, 135, 138, 139, 142, 145, 148, 151, 154, 156, 159, 162, 165, 169, 172, 175, 178, 179, 182, 185, 188, 191, 193, 198], [1, 2, 6, 7, 9, 13, 16, 19, 22, 27, 30, 33, 36, 38, 40, 42, 45, 48, 51, 55, 58, 61, 64, 67, 70, 73, 76, 79, 82, 88, 91, 94, 97, 99, 102, 105, 109, 112, 115, 117, 120, 124, 127, 130, 133, 136, 140, 143, 146, 149, 152, 155, 157, 160, 163, 166, 170, 173, 176, 180, 183, 186, 189, 194, 196], [3, 4, 10, 12, 14, 17, 20, 25, 28, 31, 34, 37, 43, 46, 49, 52, 56, 59, 62, 65, 68, 71, 74, 77, 80, 83, 84, 86, 89, 92, 95, 100, 103, 106, 107, 110, 113, 116, 118, 121, 122, 125, 128, 131, 134, 137, 141, 144, 147, 150, 153, 158, 161, 164, 167, 168, 171, 174, 177, 181, 184, 187, 190, 192, 195, 197]]",5,2.335573838,1,1489570344,2076196,717.4516972
87,"[[0, 5, 8, 11, 15, 18, 21, 23, 24, 26, 29, 32, 35, 39, 41, 44, 47, 50, 53, 54, 57, 60, 63, 66, 69, 72, 75, 78, 81, 85, 87, 90, 93, 96, 98, 101, 104, 108, 111, 114, 119, 123, 126, 129, 132, 135, 138, 139, 142, 145, 148, 151, 154, 156, 159, 162, 165, 169, 172, 175, 178, 179, 182, 185, 188, 191, 193, 198], [1, 2, 6, 7, 9, 13, 16, 19, 22, 27, 30, 33, 36, 38, 40, 42, 45, 48, 51, 55, 58, 61, 64, 67, 70, 73, 76, 79, 82, 88, 91, 94, 97, 99, 102, 105, 109, 112, 115, 117, 120, 124, 127, 130, 133, 136, 140, 143, 146, 149, 152, 155, 157, 160, 163, 166, 170, 173, 176, 180, 183, 186, 189, 194, 196], [3, 4, 10, 12, 14, 17, 20, 25, 28, 31, 34, 37, 43, 46, 49, 52, 56, 59, 62, 65, 68, 71, 74, 77, 80, 83, 84, 86, 89, 92, 95, 100, 103, 106, 107, 110, 113, 116, 118, 121, 122, 125, 128, 131, 134, 137, 141, 144, 147, 150, 153, 158, 161, 164, 167, 168, 171, 174, 177, 181, 184, 187, 190, 192, 195, 197]]",6,2.061151934,1,1534703283,2076196,739.1899818
88,"[[0, 5, 8, 11, 15, 18, 21, 23, 24, 26, 29, 32, 35, 39, 41, 44, 47, 50, 53, 54, 57, 60, 63, 66, 69, 72, 75, 78, 81, 85, 87, 90, 93, 96, 98, 101, 104, 108, 111, 114, 119, 123, 126, 129, 132, 135, 138, 139, 142, 145, 148, 151, 154, 156, 159, 162, 165, 169, 172, 175, 178, 179, 182, 185, 188, 191, 193, 198], [1, 2, 6, 7, 9, 13, 16, 19, 22, 27, 30, 33, 36, 38, 40, 42, 45, 48, 51, 55, 58, 61, 64, 67, 70, 73, 76, 79, 82, 88, 91, 94, 97, 99, 102, 105, 109, 112, 115, 117, 120, 124, 127, 130, 133, 136, 140, 143, 146, 149, 152, 155, 157, 160, 163, 166, 170, 173, 176, 180, 183, 186, 189, 194, 196], [3, 4, 10, 12, 14, 17, 20, 25, 28, 31, 34, 37, 43, 46, 49, 52, 56, 59, 62, 65, 68, 71, 74, 77, 80, 83, 84, 86, 89, 92, 95, 100, 103, 106, 107, 110, 113, 116, 118, 121, 122, 125, 128, 131, 134, 137, 141, 144, 147, 150, 153, 158, 161, 164, 167, 168, 171, 174, 177, 181, 184, 187, 190, 192, 195, 197]]",0,2.610075146,1,1403565330,2076196,676.027374
89,"[[0, 5, 8, 11, 15, 18, 21, 23, 24, 26, 29, 32, 35, 39, 41, 44, 47, 50, 53, 54, 57, 60, 63, 66, 69, 72, 75, 78, 81, 85, 87, 90, 93, 96, 98, 101, 104, 108, 111, 114, 119, 123, 126, 129, 132, 135, 138, 139, 142, 145, 148, 151, 154, 156, 159, 162, 165, 169, 172, 175, 178, 179, 182, 185, 188, 191, 193, 198], [1, 2, 6, 7, 9, 13, 16, 19, 22, 27, 30, 33, 36, 38, 40, 42, 45, 48, 51, 55, 58, 61, 64, 67, 70, 73, 76, 79, 82, 88, 91, 94, 97, 99, 102, 105, 109, 112, 115, 117, 120, 124, 127, 130, 133, 136, 140, 143, 146, 149, 152, 155, 157, 160, 163, 166, 170, 173, 176, 180, 183, 186, 189, 194, 196], [3, 4, 10, 12, 14, 17, 20, 25, 28, 31, 34, 37, 43, 46, 49, 52, 56, 59, 62, 65, 68, 71, 74, 77, 80, 83, 84, 86, 89, 92, 95, 100, 103, 106, 107, 110, 113, 116, 118, 121, 122, 125, 128, 131, 134, 137, 141, 144, 147, 150, 153, 158, 161, 164, 167, 168, 171, 174, 177, 181, 184, 187, 190, 192, 195, 197]]",0,5.574873601,1.5,677331354.2,2076196,326.2367109
90,"[[0, 5, 8, 11, 15, 18, 21, 23, 24, 26, 29, 32, 35, 39, 41, 44, 47, 50, 53, 54, 57, 60, 63, 66, 69, 72, 75, 78, 81, 85, 87, 90, 93, 96, 98, 101, 104, 108, 111, 114, 119, 123, 126, 129, 132, 135, 138, 139, 142, 145, 148, 151, 154, 156, 159, 162, 165, 169, 172, 175, 178, 179, 182, 185, 188, 191, 193, 198], [1, 2, 6, 7, 9, 13, 16, 19, 22, 27, 30, 33, 36, 38, 40, 42, 45, 48, 51, 55, 58, 61, 64, 67, 70, 73, 76, 79, 82, 88, 91, 94, 97, 99, 102, 105, 109, 112, 115, 117, 120, 124, 127, 130, 133, 136, 140, 143, 146, 149, 152, 155, 157, 160, 163, 166, 170, 173, 176, 180, 183, 186, 189, 194, 196], [3, 4, 10, 12, 14, 17, 20, 25, 28, 31, 34, 37, 43, 46, 49, 52, 56, 59, 62, 65, 68, 71, 74, 77, 80, 83, 84, 86, 89, 92, 95, 100, 103, 106, 107, 110, 113, 116, 118, 121, 122, 125, 128, 131, 134, 137, 141, 144, 147, 150, 153, 158, 161, 164, 167, 168, 171, 174, 177, 181, 184, 187, 190, 192, 195, 197]]",3,2.465136953,1,1528912222,2076196,736.4007165
91,"[[0, 5, 8, 11, 15, 18, 21, 23, 24, 26, 29, 32, 35, 39, 41, 44, 47, 50, 53, 54, 57, 60, 63, 66, 69, 72, 75, 78, 81, 85, 87, 90, 93, 96, 98, 101, 104, 108, 111, 114, 119, 123, 126, 129, 132, 135, 138, 139, 142, 145, 148, 151, 154, 156, 159, 162, 165, 169, 172, 175, 178, 179, 182, 185, 188, 191, 193, 198], [1, 2, 6, 7, 9, 13, 16, 19, 22, 27, 30, 33, 36, 38, 40, 42, 45, 48, 51, 55, 58, 61, 64, 67, 70, 73, 76, 79, 82, 88, 91, 94, 97, 99, 102, 105, 109, 112, 115, 117, 120, 124, 127, 130, 133, 136, 140, 143, 146, 149, 152, 155, 157, 160, 163, 166, 170, 173, 176, 180, 183, 186, 189, 194, 196], [3, 4, 10, 12, 14, 17, 20, 25, 28, 31, 34, 37, 43, 46, 49, 52, 56, 59, 62, 65, 68, 71, 74, 77, 80, 83, 84, 86, 89, 92, 95, 100, 103, 106, 107, 110, 113, 116, 118, 121, 122, 125, 128, 131, 134, 137, 141, 144, 147, 150, 153, 158, 161, 164, 167, 168, 171, 174, 177, 181, 184, 187, 190, 192, 195, 197]]",0,6.198653571,1.67,1058149441,2076196,509.6577786
92,"[[0, 5, 8, 11, 15, 18, 21, 23, 24, 26, 29, 32, 35, 39, 41, 44, 47, 50, 53, 54, 57, 60, 63, 66, 69, 72, 75, 78, 81, 85, 87, 90, 93, 96, 98, 101, 104, 108, 111, 114, 119, 123, 126, 129, 132, 135, 138, 139, 142, 145, 148, 151, 154, 156, 159, 162, 165, 169, 172, 175, 178, 179, 182, 185, 188, 191, 193, 198], [1, 2, 6, 7, 9, 13, 16, 19, 22, 27, 30, 33, 36, 38, 40, 42, 45, 48, 51, 55, 58, 61, 64, 67, 70, 73, 76, 79, 82, 88, 91, 94, 97, 99, 102, 105, 109, 112, 115, 117, 120, 124, 127, 130, 133, 136, 140, 143, 146, 149, 152, 155, 157, 160, 163, 166, 170, 173, 176, 180, 183, 186, 189, 194, 196], [3, 4, 10, 12, 14, 17, 20, 25, 28, 31, 34, 37, 43, 46, 49, 52, 56, 59, 62, 65, 68, 71, 74, 77, 80, 83, 84, 86, 89, 92, 95, 100, 103, 106, 107, 110, 113, 116, 118, 121, 122, 125, 128, 131, 134, 137, 141, 144, 147, 150, 153, 158, 161, 164, 167, 168, 171, 174, 177, 181, 184, 187, 190, 192, 195, 197]]",2,2.099322789,1,1585219974,2076196,763.5213508
93,"[[0, 5, 8, 11, 15, 18, 21, 23, 24, 26, 29, 32, 35, 39, 41, 44, 47, 50, 53, 54, 57, 60, 63, 66, 69, 72, 75, 78, 81, 85, 87, 90, 93, 96, 98, 101, 104, 108, 111, 114, 119, 123, 126, 129, 132, 135, 138, 139, 142, 145, 148, 151, 154, 156, 159, 162, 165, 169, 172, 175, 178, 179, 182, 185, 188, 191, 193, 198], [1, 2, 6, 7, 9, 13, 16, 19, 22, 27, 30, 33, 36, 38, 40, 42, 45, 48, 51, 55, 58, 61, 64, 67, 70, 73, 76, 79, 82, 88, 91, 94, 97, 99, 102, 105, 109, 112, 115, 117, 120, 124, 127, 130, 133, 136, 140, 143, 146, 149, 152, 155, 157, 160, 163, 166, 170, 173, 176, 180, 183, 186, 189, 194, 196], [3, 4, 10, 12, 14, 17, 20, 25, 28, 31, 34, 37, 43, 46, 49, 52, 56, 59, 62, 65, 68, 71, 74, 77, 80, 83, 84, 86, 89, 92, 95, 100, 103, 106, 107, 110, 113, 116, 118, 121, 122, 125, 128, 131, 134, 137, 141, 144, 147, 150, 153, 158, 161, 164, 167, 168, 171, 174, 177, 181, 184, 187, 190, 192, 195, 197]]",3,3.320576638,1.2,1172147487,2076196,564.5649482
94,"[[0, 5, 8, 11, 15, 18, 21, 23, 24, 26, 29, 32, 35, 39, 41, 44, 47, 50, 53, 54, 57, 60, 63, 66, 69, 72, 75, 78, 81, 85, 87, 90, 93, 96, 98, 101, 104, 108, 111, 114, 119, 123, 126, 129, 132, 135, 138, 139, 142, 145, 148, 151, 154, 156, 159, 162, 165, 169, 172, 175, 178, 179, 182, 185, 188, 191, 193, 198], [1, 2, 6, 7, 9, 13, 16, 19, 22, 27, 30, 33, 36, 38, 40, 42, 45, 48, 51, 55, 58, 61, 64, 67, 70, 73, 76, 79, 82, 88, 91, 94, 97, 99, 102, 105, 109, 112, 115, 117, 120, 124, 127, 130, 133, 136, 140, 143, 146, 149, 152, 155, 157, 160, 163, 166, 170, 173, 176, 180, 183, 186, 189, 194, 196], [3, 4, 10, 12, 14, 17, 20, 25, 28, 31, 34, 37, 43, 46, 49, 52, 56, 59, 62, 65, 68, 71, 74, 77, 80, 83, 84, 86, 89, 92, 95, 100, 103, 106, 107, 110, 113, 116, 118, 121, 122, 125, 128, 131, 134, 137, 141, 144, 147, 150, 153, 158, 161, 164, 167, 168, 171, 174, 177, 181, 184, 187, 190, 192, 195, 197]]",0,2.319646109,1,1519079077,2076196,731.6645814
95,"[[0, 5, 8, 11, 15, 18, 21, 23, 24, 26, 29, 32, 35, 39, 41, 44, 47, 50, 53, 54, 57, 60, 63, 66, 69, 72, 75, 78, 81, 85, 87, 90, 93, 96, 98, 101, 104, 108, 111, 114, 119, 123, 126, 129, 132, 135, 138, 139, 142, 145, 148, 151, 154, 156, 159, 162, 165, 169, 172, 175, 178, 179, 182, 185, 188, 191, 193, 198], [1, 2, 6, 7, 9, 13, 16, 19, 22, 27, 30, 33, 36, 38, 40, 42, 45, 48, 51, 55, 58, 61, 64, 67, 70, 73, 76, 79, 82, 88, 91, 94, 97, 99, 102, 105, 109, 112, 115, 117, 120, 124, 127, 130, 133, 136, 140, 143, 146, 149, 152, 155, 157, 160, 163, 166, 170, 173, 176, 180, 183, 186, 189, 194, 196], [3, 4, 10, 12, 14, 17, 20, 25, 28, 31, 34, 37, 43, 46, 49, 52, 56, 59, 62, 65, 68, 71, 74, 77, 80, 83, 84, 86, 89, 92, 95, 100, 103, 106, 107, 110, 113, 116, 118, 121, 122, 125, 128, 131, 134, 137, 141, 144, 147, 150, 153, 158, 161, 164, 167, 168, 171, 174, 177, 181, 184, 187, 190, 192, 195, 197]]",3,2.432126508,1,1470617541,2076196,708.323078
96,"[[0, 5, 8, 11, 15, 18, 21, 23, 24, 26, 29, 32, 35, 39, 41, 44, 47, 50, 53, 54, 57, 60, 63, 66, 69, 72, 75, 78, 81, 85, 87, 90, 93, 96, 98, 101, 104, 108, 111, 114, 119, 123, 126, 129, 132, 135, 138, 139, 142, 145, 148, 151, 154, 156, 159, 162, 165, 169, 172, 175, 178, 179, 182, 185, 188, 191, 193, 198], [1, 2, 6, 7, 9, 13, 16, 19, 22, 27, 30, 33, 36, 38, 40, 42, 45, 48, 51, 55, 58, 61, 64, 67, 70, 73, 76, 79, 82, 88, 91, 94, 97, 99, 102, 105, 109, 112, 115, 117, 120, 124, 127, 130, 133, 136, 140, 143, 146, 149, 152, 155, 157, 160, 163, 166, 170, 173, 176, 180, 183, 186, 189, 194, 196], [3, 4, 10, 12, 14, 17, 20, 25, 28, 31, 34, 37, 43, 46, 49, 52, 56, 59, 62, 65, 68, 71, 74, 77, 80, 83, 84, 86, 89, 92, 95, 100, 103, 106, 107, 110, 113, 116, 118, 121, 122, 125, 128, 131, 134, 137, 141, 144, 147, 150, 153, 158, 161, 164, 167, 168, 171, 174, 177, 181, 184, 187, 190, 192, 195, 197]]",0,3.540510582,1.2,1198817279,2076196,577.4104558
97,"[[0, 5, 8, 11, 15, 18, 21, 23, 24, 26, 29, 32, 35, 39, 41, 44, 47, 50, 53, 54, 57, 60, 63, 66, 69, 72, 75, 78, 81, 85, 87, 90, 93, 96, 98, 101, 104, 108, 111, 114, 119, 123, 126, 129, 132, 135, 138, 139, 142, 145, 148, 151, 154, 156, 159, 162, 165, 169, 172, 175, 178, 179, 182, 185, 188, 191, 193, 198], [1, 2, 6, 7, 9, 13, 16, 19, 22, 27, 30, 33, 36, 38, 40, 42, 45, 48, 51, 55, 58, 61, 64, 67, 70, 73, 76, 79, 82, 88, 91, 94, 97, 99, 102, 105, 109, 112, 115, 117, 120, 124, 127, 130, 133, 136, 140, 143, 146, 149, 152, 155, 157, 160, 163, 166, 170, 173, 176, 180, 183, 186, 189, 194, 196], [3, 4, 10, 12, 14, 17, 20, 25, 28, 31, 34, 37, 43, 46, 49, 52, 56, 59, 62, 65, 68, 71, 74, 77, 80, 83, 84, 86, 89, 92, 95, 100, 103, 106, 107, 110, 113, 116, 118, 121, 122, 125, 128, 131, 134, 137, 141, 144, 147, 150, 153, 158, 161, 164, 167, 168, 171, 174, 177, 181, 184, 187, 190, 192, 195, 197]]",0,2.690514783,1,1522101203,2076196,733.1201884
98,"[[0, 5, 8, 11, 15, 18, 21, 23, 24, 26, 29, 32, 35, 39, 41, 44, 47, 50, 53, 54, 57, 60, 63, 66, 69, 72, 75, 78, 81, 85, 87, 90, 93, 96, 98, 101, 104, 108, 111, 114, 119, 123, 126, 129, 132, 135, 138, 139, 142, 145, 148, 151, 154, 156, 159, 162, 165, 169, 172, 175, 178, 179, 182, 185, 188, 191, 193, 198], [1, 2, 6, 7, 9, 13, 16, 19, 22, 27, 30, 33, 36, 38, 40, 42, 45, 48, 51, 55, 58, 61, 64, 67, 70, 73, 76, 79, 82, 88, 91, 94, 97, 99, 102, 105, 109, 112, 115, 117, 120, 124, 127, 130, 133, 136, 140, 143, 146, 149, 152, 155, 157, 160, 163, 166, 170, 173, 176, 180, 183, 186, 189, 194, 196], [3, 4, 10, 12, 14, 17, 20, 25, 28, 31, 34, 37, 43, 46, 49, 52, 56, 59, 62, 65, 68, 71, 74, 77, 80, 83, 84, 86, 89, 92, 95, 100, 103, 106, 107, 110, 113, 116, 118, 121, 122, 125, 128, 131, 134, 137, 141, 144, 147, 150, 153, 158, 161, 164, 167, 168, 171, 174, 177, 181, 184, 187, 190, 192, 195, 197]]",0,3.794642277,1.2,1207918729,2076196,581.7941703
99,"[[0, 5, 8, 11, 15, 18, 21, 23, 24, 26, 29, 32, 35, 39, 41, 44, 47, 50, 53, 54, 57, 60, 63, 66, 69, 72, 75, 78, 81, 85, 87, 90, 93, 96, 98, 101, 104, 108, 111, 114, 119, 123, 126, 129, 132, 135, 138, 139, 142, 145, 148, 151, 154, 156, 159, 162, 165, 169, 172, 175, 178, 179, 182, 185, 188, 191, 193, 198], [1, 2, 6, 7, 9, 13, 16, 19, 22, 27, 30, 33, 36, 38, 40, 42, 45, 48, 51, 55, 58, 61, 64, 67, 70, 73, 76, 79, 82, 88, 91, 94, 97, 99, 102, 105, 109, 112, 115, 117, 120, 124, 127, 130, 133, 136, 140, 143, 146, 149, 152, 155, 157, 160, 163, 166, 170, 173, 176, 180, 183, 186, 189, 194, 196], [3, 4, 10, 12, 14, 17, 20, 25, 28, 31, 34, 37, 43, 46, 49, 52, 56, 59, 62, 65, 68, 71, 74, 77, 80, 83, 84, 86, 89, 92, 95, 100, 103, 106, 107, 110, 113, 116, 118, 121, 122, 125, 128, 131, 134, 137, 141, 144, 147, 150, 153, 158, 161, 164, 167, 168, 171, 174, 177, 181, 184, 187, 190, 192, 195, 197]]",4,2.57610006,1,1512491790,2076196,728.4918139
100,"[[0, 5, 8, 11, 15, 18, 21, 23, 24, 26, 29, 32, 35, 39, 41, 44, 47, 50, 53, 54, 57, 60, 63, 66, 69, 72, 75, 78, 81, 85, 87, 90, 93, 96, 98, 101, 104, 108, 111, 114, 119, 123, 126, 129, 132, 135, 138, 139, 142, 145, 148, 151, 154, 156, 159, 162, 165, 169, 172, 175, 178, 179, 182, 185, 188, 191, 193, 198], [1, 2, 6, 7, 9, 13, 16, 19, 22, 27, 30, 33, 36, 38, 40, 42, 45, 48, 51, 55, 58, 61, 64, 67, 70, 73, 76, 79, 82, 88, 91, 94, 97, 99, 102, 105, 109, 112, 115, 117, 120, 124, 127, 130, 133, 136, 140, 143, 146, 149, 152, 155, 157, 160, 163, 166, 170, 173, 176, 180, 183, 186, 189, 194, 196], [3, 4, 10, 12, 14, 17, 20, 25, 28, 31, 34, 37, 43, 46, 49, 52, 56, 59, 62, 65, 68, 71, 74, 77, 80, 83, 84, 86, 89, 92, 95, 100, 103, 106, 107, 110, 113, 116, 118, 121, 122, 125, 128, 131, 134, 137, 141, 144, 147, 150, 153, 158, 161, 164, 167, 168, 171, 174, 177, 181, 184, 187, 190, 192, 195, 197]]",0,3.480239577,1.2,1057089619,2076196,509.1473153
101,"[[0, 5, 8, 11, 15, 18, 21, 23, 24, 26, 29, 32, 35, 39, 41, 44, 47, 50, 53, 54, 57, 60, 63, 66, 69, 72, 75, 78, 81, 85, 87, 90, 93, 96, 98, 101, 104, 108, 111, 114, 119, 123, 126, 129, 132, 135, 138, 139, 142, 145, 148, 151, 154, 156, 159, 162, 165, 169, 172, 175, 178, 179, 182, 185, 188, 191, 193, 198], [1, 2, 6, 7, 9, 13, 16, 19, 22, 27, 30, 33, 36, 38, 40, 42, 45, 48, 51, 55, 58, 61, 64, 67, 70, 73, 76, 79, 82, 88, 91, 94, 97, 99, 102, 105, 109, 112, 115, 117, 120, 124, 127, 130, 133, 136, 140, 143, 146, 149, 152, 155, 157, 160, 163, 166, 170, 173, 176, 180, 183, 186, 189, 194, 196], [3, 4, 10, 12, 14, 17, 20, 25, 28, 31, 34, 37, 43, 46, 49, 52, 56, 59, 62, 65, 68, 71, 74, 77, 80, 83, 84, 86, 89, 92, 95, 100, 103, 106, 107, 110, 113, 116, 118, 121, 122, 125, 128, 131, 134, 137, 141, 144, 147, 150, 153, 158, 161, 164, 167, 168, 171, 174, 177, 181, 184, 187, 190, 192, 195, 197]]",0,2.272959813,1,1519108064,2076196,731.678543
102,"[[0, 5, 8, 11, 15, 18, 21, 23, 24, 26, 29, 32, 35, 39, 41, 44, 47, 50, 53, 54, 57, 60, 63, 66, 69, 72, 75, 78, 81, 85, 87, 90, 93, 96, 98, 101, 104, 108, 111, 114, 119, 123, 126, 129, 132, 135, 138, 139, 142, 145, 148, 151, 154, 156, 159, 162, 165, 169, 172, 175, 178, 179, 182, 185, 188, 191, 193, 198], [1, 2, 6, 7, 9, 13, 16, 19, 22, 27, 30, 33, 36, 38, 40, 42, 45, 48, 51, 55, 58, 61, 64, 67, 70, 73, 76, 79, 82, 88, 91, 94, 97, 99, 102, 105, 109, 112, 115, 117, 120, 124, 127, 130, 133, 136, 140, 143, 146, 149, 152, 155, 157, 160, 163, 166, 170, 173, 176, 180, 183, 186, 189, 194, 196], [3, 4, 10, 12, 14, 17, 20, 25, 28, 31, 34, 37, 43, 46, 49, 52, 56, 59, 62, 65, 68, 71, 74, 77, 80, 83, 84, 86, 89, 92, 95, 100, 103, 106, 107, 110, 113, 116, 118, 121, 122, 125, 128, 131, 134, 137, 141, 144, 147, 150, 153, 158, 161, 164, 167, 168, 171, 174, 177, 181, 184, 187, 190, 192, 195, 197]]",5,2.062781054,1,1579072652,2076196,760.5604921
103,"[[0, 5, 8, 11, 15, 18, 21, 23, 24, 26, 29, 32, 35, 39, 41, 44, 47, 50, 53, 54, 57, 60, 63, 66, 69, 72, 75, 78, 81, 85, 87, 90, 93, 96, 98, 101, 104, 108, 111, 114, 119, 123, 126, 129, 132, 135, 138, 139, 142, 145, 148, 151, 154, 156, 159, 162, 165, 169, 172, 175, 178, 179, 182, 185, 188, 191, 193, 198], [1, 2, 6, 7, 9, 13, 16, 19, 22, 27, 30, 33, 36, 38, 40, 42, 45, 48, 51, 55, 58, 61, 64, 67, 70, 73, 76, 79, 82, 88, 91, 94, 97, 99, 102, 105, 109, 112, 115, 117, 120, 124, 127, 130, 133, 136, 140, 143, 146, 149, 152, 155, 157, 160, 163, 166, 170, 173, 176, 180, 183, 186, 189, 194, 196], [3, 4, 10, 12, 14, 17, 20, 25, 28, 31, 34, 37, 43, 46, 49, 52, 56, 59, 62, 65, 68, 71, 74, 77, 80, 83, 84, 86, 89, 92, 95, 100, 103, 106, 107, 110, 113, 116, 118, 121, 122, 125, 128, 131, 134, 137, 141, 144, 147, 150, 153, 158, 161, 164, 167, 168, 171, 174, 177, 181, 184, 187, 190, 192, 195, 197]]",4,5.869239625,1.67,953967970.1,2076196,459.4787632
104,"[[0, 5, 8, 11, 15, 18, 21, 23, 24, 26, 29, 32, 35, 39, 41, 44, 47, 50, 53, 54, 57, 60, 63, 66, 69, 72, 75, 78, 81, 85, 87, 90, 93, 96, 98, 101, 104, 108, 111, 114, 119, 123, 126, 129, 132, 135, 138, 139, 142, 145, 148, 151, 154, 156, 159, 162, 165, 169, 172, 175, 178, 179, 182, 185, 188, 191, 193, 198], [1, 2, 6, 7, 9, 13, 16, 19, 22, 27, 30, 33, 36, 38, 40, 42, 45, 48, 51, 55, 58, 61, 64, 67, 70, 73, 76, 79, 82, 88, 91, 94, 97, 99, 102, 105, 109, 112, 115, 117, 120, 124, 127, 130, 133, 136, 140, 143, 146, 149, 152, 155, 157, 160, 163, 166, 170, 173, 176, 180, 183, 186, 189, 194, 196], [3, 4, 10, 12, 14, 17, 20, 25, 28, 31, 34, 37, 43, 46, 49, 52, 56, 59, 62, 65, 68, 71, 74, 77, 80, 83, 84, 86, 89, 92, 95, 100, 103, 106, 107, 110, 113, 116, 118, 121, 122, 125, 128, 131, 134, 137, 141, 144, 147, 150, 153, 158, 161, 164, 167, 168, 171, 174, 177, 181, 184, 187, 190, 192, 195, 197]]",0,4.126107698,1.2,1166680681,2076196,561.9318605
